titre,prix,localisation,url
A louer un s0 -Aouina,650DT,Inconnu,https://www.tayara.tn/item/67d17bb9c68ce6b5539c50a4/Appartements/Tunis/L_Aouina/A_louer_un_s0_Aouina_/
appartement pour la location,850DT,Inconnu,https://www.tayara.tn/item/67d7fd02ca3467b14e668fce/Appartements/Monastir/Monastir/appartement_pour_la_location/
Appartement S+2 Skanes,339999DT,Inconnu,https://www.tayara.tn/item/67d825befd1c6385be372d0f/Appartements/Monastir/Monastir/Appartement_S2_Skanes_/
Appartement S1 MeublÃ© L'aouina,1400DT,Inconnu,https://www.tayara.tn/item/6788e0337041684afec43509/Appartements/Tunis/L_Aouina/Appartement_S1_Meubl_Laouina/
Fonds de commerce en vente de 80 mÂ² Ã  El Manar 2,100000DT,Inconnu,https://www.tayara.tn/item/67c56cc7119f0ab09bcebaac/Magasins%2C%20Commerces%20et%20Locaux%20industriels/Tunis/El_Manar_2/Fonds_de_commerce_en_vente_de_80_m_El_Manar_2/
Villa individuelle de 754 mÂ² a vendre Ã  El Menzah 9,1600000DT,Inconnu,https://www.tayara.tn/item/67a791f80b5f1b5530f60bc3/Maisons%20et%20Villas/Tunis/El_Menzah_9/Villa_individuelle_de_754_m_a_vendre_El_Menzah_9/
Villa individuelle de 574 mÂ² Ã  vendre Ã  El Manar 2,1700000DT,Inconnu,https://www.tayara.tn/item/67a7936f0b5f1b5530f60e1e/Maisons%20et%20Villas/Tunis/El_Menzah_9/Villa_individuelle_de_574_m_vendre_El_Manar_2/
Villa individuelle meublÃ©e en location,7500DT,Inconnu,https://www.tayara.tn/item/67d40f28ca3467b14e640f77/Maisons%20et%20Villas/Tunis/Menzah/Villa_individuelle_meuble_en_location/
A vendre un appartement en S+4 de 192mÂ² Ã  Ennasr,530000DT,Inconnu,https://www.tayara.tn/item/67b9b896af2813f807575c4c/Appartements/Ariana/Ennasr/A_vendre_un_appartement_en_S4_de_192m_Ennasr_/
A vendre un appartement en S+3 Ã  Ennasr,340000DT,Inconnu,https://www.tayara.tn/item/67b9b5b6af2813f8075758da/Appartements/Ariana/Ennasr/A_vendre_un_appartement_en_S3_Ennasr_/
cafe restaurant nabeul,850000DT,Inconnu,https://www.tayara.tn/item/67d5d8d5fd1c6385be35c3d6/Magasins%2C%20Commerces%20et%20Locaux%20industriels/Nabeul/Nabeul/cafe_restaurant_nabeul/
S+2 en location Ã  Ennasr 2,1300DT,Inconnu,https://www.tayara.tn/item/67b4ac830b5f1b5530ffdbd8/Appartements/Ariana/Cit_Ennasr_2/S2_en_location_Ennasr_2/
iPhone 14 Pro Mauve â€“ Comme Neuf ğŸ‡©ğŸ‡ªğŸ“±,1900DT,Inconnu,https://www.tayara.tn/item/67dd9863fd1c6385be3a4c3a/T%C3%A9l%C3%A9phones/Nabeul/Klibia/iPhone_14_Pro_Mauve_Comme_Neuf_/
A vendre un appartement S+1 au RDC,324000DT,Inconnu,https://www.tayara.tn/item/67d42962ca3467b14e64376e/Immobilier%20Neuf/Sousse/Chatt_mariem/A_vendre_un_appartement_S1_au_RDC/
A vendre un appartement S+1 au 5Ã©me Ã©tage,481000DT,Inconnu,https://www.tayara.tn/item/67d7d3a8fd1c6385be36e292/Immobilier%20Neuf/Sousse/Chatt_mariem/A_vendre_un_appartement_S1_au_5me_tage/
A vendre un appartement S+1 au 2Ã©me Ã©tage,292000DT,Inconnu,https://www.tayara.tn/item/67d7cffffd1c6385be36e075/Immobilier%20Neuf/Sousse/Chatt_mariem/A_vendre_un_appartement_S1_au_2me_tage/
A vendre un appartement S+1 au 5Ã©me Ã©tage,411000DT,Inconnu,https://www.tayara.tn/item/67d4275fca3467b14e6434bb/Immobilier%20Neuf/Sousse/Chatt_mariem/A_vendre_un_appartement_S1_au_5me_tage/
A vendre un appartement S+1 au 1 er Ã©tage,286000DT,Inconnu,https://www.tayara.tn/item/67d42105ca3467b14e642bb1/Immobilier%20Neuf/Sousse/Chatt_mariem/A_vendre_un_appartement_S1_au_1_er_tage/
S+2 en location,2500DT,Inconnu,https://www.tayara.tn/item/67b611e20b5f1b553000ccf2/Appartements/Sousse/Khzema/S2_en_location/
S+2 en vente,260000DT,Inconnu,https://www.tayara.tn/item/67c083b3bf049e957eb1a6d7/Appartements/Sousse/Khzema/S2_en_vente/
VILLA A VENDRE MSAKEN NEUF HAUTE STANDING LUXE,Non spÃ©cifiÃ©,Inconnu,https://www.tayara.tn/item/67d6e0eafd1c6385be365808/Maisons%20et%20Villas/Sousse/M_Saken/VILLA_A_VENDRE_MSAKEN_NEUF_HAUTE_STANDING_LUXE/
Ã  Louer un Penthouse au Jardin De Carthage,5000DT,Inconnu,https://www.tayara.tn/item/67c6c7cf93928ac5bc163265/Appartements/Tunis/Jardins_De_Carthage/_Louer_un_Penthouse_au_Jardin_De_Carthage/
Ã  louer un appartement s2 Ã  citÃ© Bhar Lazreg,1300DT,Inconnu,https://www.tayara.tn/item/67d0176aefd14d3d051efdfd/Appartements/Tunis/Sidi_Bou_Said/_louer_un_appartement_s2_cit_Bhar_Lazreg/
A vendre un appartement S+2 au 4Ã©me Ã©tage,429000DT,Inconnu,https://www.tayara.tn/item/67d417ebca3467b14e641f93/Immobilier%20Neuf/Sousse/Chatt_mariem/A_vendre_un_appartement_S2_au_4me_tage/
A vendre un appartement S+2 au 2Ã©me Ã©tage,439000DT,Inconnu,https://www.tayara.tn/item/67d414d8ca3467b14e641a50/Immobilier%20Neuf/Sousse/Chatt_mariem/A_vendre_un_appartement_S2_au_2me_tage/
A vendre un appartement S+1 au RDC,366000DT,Inconnu,https://www.tayara.tn/item/67d2e3adefd14d3d0520ad4c/Immobilier%20Neuf/Sousse/Chatt_mariem/A_vendre_un_appartement_S1_au_RDC/
A vendre un appartement S+2 au RDC,420000DT,Inconnu,https://www.tayara.tn/item/67d016cbc68ce6b5539b7b82/Immobilier%20Neuf/Sousse/Sahloul/A_vendre_un_appartement_S2_au_RDC/
Appartement S+2 avec place de parking au sous sol,240000DT,Inconnu,https://www.tayara.tn/item/67704504f39faeaa98c3daa8/Appartements/La_Manouba/Manouba_Ville/Appartement_S2_avec_place_de_parking_au_sous_sol_/
Ã€ Vendre S2 dans un Quartier Calme Ã  Sahloul,200000DT,Inconnu,https://www.tayara.tn/item/67dd5aaeca3467b14e69af78/Appartements/Sousse/Sahloul/_Vendre_S2_dans_un_Quartier_Calme_Sahloul/
Villa individuelle en location,3797DT,Inconnu,https://www.tayara.tn/item/67adfd9d0b5f1b5530fb93d2/Maisons%20et%20Villas/Ariana/La_Soukra/Villa_individuelle_en_location/
A vendre un appartement S+2 au 3Ã©me Ã©tage,395000DT,Inconnu,https://www.tayara.tn/item/67d0142befd14d3d051efb6e/Immobilier%20Neuf/Sousse/Sahloul/A_vendre_un_appartement_S2_au_3me_tage/
Appartement S1 meublÃ© CitÃ© El Wahat,1200DT,Inconnu,https://www.tayara.tn/item/678787bced6f33de58c2ede3/Appartements/Tunis/L_Aouina/Appartement_S1_meubl_Cit_El_Wahat/
A VENDRE,590000DT,Inconnu,https://www.tayara.tn/item/67d82c1dfd1c6385be373201/Terrains%20et%20Fermes/Ben_Arous/Boumhel/A_VENDRE/
A vendre un appartement S+1 au 2Ã©me Ã©tage,205000DT,Inconnu,https://www.tayara.tn/item/67d01164c68ce6b5539b7737/Immobilier%20Neuf/Sousse/Sahloul/A_vendre_un_appartement_S1_au_2me_tage/
A VENDRE,749998DT,Inconnu,https://www.tayara.tn/item/679bac48a487ea2259c1a17a/Maisons%20et%20Villas/Ben_Arous/Mornag/A_VENDRE/
A vendre un appartement S+2 au RDC,340000DT,Inconnu,https://www.tayara.tn/item/67d0031aefd14d3d051eec71/Immobilier%20Neuf/Sousse/Sahloul/A_vendre_un_appartement_S2_au_RDC_/
Une belle villa de coin Ã  Khzema,1050000DT,Inconnu,https://www.tayara.tn/item/6759fd5905a6a93866566c80/Maisons%20et%20Villas/Sousse/Khzema/Une_belle_villa_de_coin_Khzema_/
A vendre un appartement S+1 au 2Ã©me Ã©tage,300000DT,Inconnu,https://www.tayara.tn/item/67cb037a119f0ab09bd1cec3/Immobilier%20Neuf/Nabeul/Hammamet/A_vendre_un_appartement_S1_au_2me_tage/
A vendre un appartement S+2 au 4Ã©me Ã©tage,485000DT,Inconnu,https://www.tayara.tn/item/67cafd8093928ac5bc189384/Immobilier%20Neuf/Nabeul/Hammamet/A_vendre_un_appartement_S2_au_4me_tage/
"S+1 MeublÃ©, Les Jardins de Carthage",1700DT,Inconnu,https://www.tayara.tn/item/67d56cfcfd1c6385be35840a/Appartements/Tunis/Jardins_De_Carthage/S1_Meubl_Les_Jardins_de_Carthage/
A vendre un appartement S+2 au 2Ã©me Ã©tage,455000DT,Inconnu,https://www.tayara.tn/item/67caf72e93928ac5bc188ed6/Immobilier%20Neuf/Nabeul/Hammamet/A_vendre_un_appartement_S2_au_2me_tage/
Ø£Ø±Ø¶ Ø¨7Ù…Ù„Ø§ÙŠÙ† ÙÙ‚Ø· Ø¨Ø·Ø±ÙŠÙ‚ ØªÙˆÙ†Ø³ ÙƒÙ„Ù… 15,7000DT,Inconnu,https://www.tayara.tn/item/67b1101b86d5f7a45c1b739f/Terrains%20et%20Fermes/Sfax/Route_Tunis/_7_15/
A vendre un appartement S+3 au 4Ã©me Ã©tage,515000DT,Inconnu,https://www.tayara.tn/item/67caf42393928ac5bc188cdb/Immobilier%20Neuf/Nabeul/Hammamet/A_vendre_un_appartement_S3_au_4me_tage/
A vendre un appartement S+1 au 1Ã©re Ã©tage,285000DT,Inconnu,https://www.tayara.tn/item/67caebee93928ac5bc1886db/Immobilier%20Neuf/Nabeul/Hammamet/A_vendre_un_appartement_S1_au_1re_tage/
A VENDRE S+2 A AIN ZAGHOUANE,280000DT,Inconnu,https://www.tayara.tn/item/679796226286c24145776fc8/Appartements/Tunis/Ain_Zaghouen/A_VENDRE_S2_A_AIN_ZAGHOUANE/
A vendre un appartement S+1 au RDC,350000DT,Inconnu,https://www.tayara.tn/item/67cae4fb119f0ab09bd1b92d/Immobilier%20Neuf/Nabeul/Hammamet/A_vendre_un_appartement_S1_au_RDC/
A vendre 286 m terrain Ã  Ghrabi hammam Sousse proche de la poste,280000DT,Inconnu,https://www.tayara.tn/item/67dd4f67fd1c6385be3a1dac/Terrains%20et%20Fermes/Sousse/Hammam_Sousse/A_vendre_286_m_terrain_Ghrabi_hammam_Sousse_proche_de_la_poste/
Penthouse en S+4 Ã  louer,10000DT,Inconnu,https://www.tayara.tn/item/67ae0f2286d5f7a45c198e57/Appartements/Tunis/Lac_2/Penthouse_en_S4_louer_/
A VENDRE : appartement a AIN ZAGHOUEN,Non spÃ©cifiÃ©,Inconnu,https://www.tayara.tn/item/67dd4dfdca3467b14e69a638/Appartements/Tunis/Ain_Zaghouan_Nord/A_VENDRE_appartement_a_AIN_ZAGHOUEN_/
A vendre un appartement S+2 Ã  Ain Zaghouen,Non spÃ©cifiÃ©,Inconnu,https://www.tayara.tn/item/67d6acc5ca3467b14e65ba2e/Appartements/Tunis/Ain_Zaghouen/A_vendre_un_appartement_S2_Ain_Zaghouen_/
Appartement S+3,800DT,Inconnu,https://www.tayara.tn/item/67d08e87c68ce6b5539bc9fd/Appartements/Ben_Arous/El_Mourouj_5/Appartement_S3/
Une Villa de 415.74mÂ²,Non spÃ©cifiÃ©,Inconnu,https://www.tayara.tn/item/6724b83272ad847c9c328032/Immobilier%20Neuf/Ariana/Chotrana_1/Une_Villa_de_41574m/
Une Villa de 346.70mÂ²,Non spÃ©cifiÃ©,Inconnu,https://www.tayara.tn/item/6724b84e72ad847c9c328077/Immobilier%20Neuf/Ariana/Chotrana_1/Une_Villa_de_34670m/
S+2 en vente,410000DT,Inconnu,https://www.tayara.tn/item/6792683cc572f8fd2af72f2a/Appartements/Sousse/Khzema/S2_en_vente/
S+2 en vente,375000DT,Inconnu,https://www.tayara.tn/item/6792667e9bffab23b80f5310/Appartements/Sousse/Khzema/S2_en_vente/
Une Villa de 367.64mÂ²,Non spÃ©cifiÃ©,Inconnu,https://www.tayara.tn/item/6724e2ba72ad847c9c32d0dc/Immobilier%20Neuf/Ariana/Chotrana_1/Une_Villa_de_36764m/
S+2 En Vente,275000DT,Inconnu,https://www.tayara.tn/item/67ae28210b5f1b5530fbbad3/Appartements/Sousse/Khzema/S2_En_Vente/
Une Villa de 514.32mÂ²,Non spÃ©cifiÃ©,Inconnu,https://www.tayara.tn/item/6724eb2172ad847c9c32e2e9/Immobilier%20Neuf/Ariana/Chotrana_1/Une_Villa_de_51432m/
Une Villa de 354.07mÂ²,Non spÃ©cifiÃ©,Inconnu,https://www.tayara.tn/item/6729d180981bc29b644518f9/Immobilier%20Neuf/Ariana/Chotrana_1/Une_Villa_de_35407m/
A vendre un Local Commercial de 58.09mÂ²,Non spÃ©cifiÃ©,Inconnu,https://www.tayara.tn/item/672360d07453b1828b30739a/Immobilier%20Neuf/Tunis/Jardins_De_Carthage/A_vendre_un_Local_Commercial_de_5809m/
Terrain a vendre (reduction 50 %) Hammamet sud 22 009 303,22000DT,Inconnu,https://www.tayara.tn/item/67d53bb4fd1c6385be35609b/Terrains%20et%20Fermes/Nabeul/Hammamet/Terrain_a_vendre_reduction_50_Hammamet_sud_22_009_303_/
ğğ¨ğ«ğ¬ğœğ¡ğ ğ‚ğšğ²ğğ§ğ§ğ ğ‚ğ¨ğ®ğ©ğÌ ğˆğˆğˆ ğŸ‘.ğŸğ‹,1111DT,Inconnu,https://www.tayara.tn/item/66bc8ccad0aad51c75f2d8fa/Voitures/Tunis/L_Aouina/_/
Un S+3 de 138.92mÂ² au 3Ã©me Ã©tage,Non spÃ©cifiÃ©,Inconnu,https://www.tayara.tn/item/672390c11d151770b12e2ba7/Immobilier%20Neuf/Sousse/Sahloul/Un_S3_de_13892m_au_3me_tage/
DUPLEX : S+2 de 108.86mÂ² au 9Ã©me Ã©tage,Non spÃ©cifiÃ©,Inconnu,https://www.tayara.tn/item/672394507453b1828b30ace8/Immobilier%20Neuf/Sousse/Sahloul/DUPLEX_S2_de_10886m_au_9me_tage/
A vendre un Local Commercial de 83.85mÂ²,Non spÃ©cifiÃ©,Inconnu,https://www.tayara.tn/item/67239beb1d151770b12e373c/Immobilier%20Neuf/Sousse/Sahloul/A_vendre_un_Local_Commercial_de_8385m/
A vendre un bureau de 138.96mÂ² au RDC,Non spÃ©cifiÃ©,Inconnu,https://www.tayara.tn/item/6723a4877453b1828b30bde3/Immobilier%20Neuf/Sousse/Sahloul/A_vendre_un_bureau_de_13896m_au_RDC/
Studio Ã  Port marina El Kantaoui,235000DT,Inconnu,https://www.tayara.tn/item/67ae17940b5f1b5530fbacc0/Appartements/Sousse/Kantaoui/Studio_Port_marina_El_Kantaoui/
ğŸ“£ OpportunitÃ© : Immeuble R+6 avec CafÃ©-Restaurant Actif Ã  Messadine ğŸ“£,Non spÃ©cifiÃ©,Inconnu,https://www.tayara.tn/item/6761b350f39faeaa98bbaae9/Maisons%20et%20Villas/Sousse/M_Saken/_Opportunit_Immeuble_R6_avec_CafRestaurant_Actif_Messadine_/
A louer S+2 meublÃ© Ã  Ennasr,1700DT,Inconnu,https://www.tayara.tn/item/67c303bb119f0ab09bcdc158/Appartements/Ariana/Cit_Ennasr_2/A_louer_S2_meubl_Ennasr_/
A vendre s+3 Ã  Ennasr,425000DT,Inconnu,https://www.tayara.tn/item/67c1c67f93928ac5bc13fd79/Appartements/Ariana/Cit_Ennasr_2/A_vendre_s3_Ennasr_/
vente alfa 147,19000DT,Inconnu,https://www.tayara.tn/item/678b88669bffab23b809698c/Voitures/Tunis/Le_Kram/vente_alfa_147_/
vente s+2 Diar Ben Mahmoud Agba,120000DT,Inconnu,https://www.tayara.tn/item/67bee0fdbf049e957eb0a440/Appartements/Tunis/Agba/vente_s2_Diar_Ben_Mahmoud_Agba/
vente appartement s+2 1er Ã©tage kram plage,205000DT,Inconnu,https://www.tayara.tn/item/66bf31b392d9e2cb542f38d8/Appartements/Tunis/Le_Kram/vente_appartement_s2_1er_tage_kram_plage/
Mercedes GLC 300 CoupÃ© 4 Matic 2021 kit amg Ã©dition hybride rechargeable plug in,242000DT,Inconnu,https://www.tayara.tn/item/6784cbbced6f33de58c10f2c/Voitures/Tunis/Sidi_Daoud/_Mercedes_GLC_300_Coup_4_Matic_2021_kit_amg_dition_hybride_rechargeable_plug_in_/
"Appart S+3 Ã  Vendre El Aagba, Tunis",Non spÃ©cifiÃ©,Inconnu,https://www.tayara.tn/item/674843cf0d8480a1e019504a/Appartements/Tunis/Agba/Appart_S3_Vendre_El_Aagba_Tunis/
A vendre un appartement en S+3 de 168mÂ² Ã  Ennasr,380000DT,Inconnu,https://www.tayara.tn/item/67af071a0b5f1b5530fc271d/Appartements/Ariana/Ennasr/A_vendre_un_appartement_en_S3_de_168m_Ennasr_/
A vendre un appartement en S+2 de 138mÂ² Ã  Ennasr,370000DT,Inconnu,https://www.tayara.tn/item/67b9ba80bf049e957ead6717/Appartements/Ariana/Ennasr/A_vendre_un_appartement_en_S2_de_138m_Ennasr_/
A vendre un appartement en S+2 de 120mÂ² Ã  Ennasr1,230000DT,Inconnu,https://www.tayara.tn/item/67b849cdbf049e957eabe007/Appartements/Ariana/Ennasr/A_vendre_un_appartement_en_S2_de_120m_Ennasr1/
villa jumelÃ©e Ã  rÃ©nover a vendre emplacement stratÃ©gique citÃ© riadh kÃ©libia,495000DT,Inconnu,https://www.tayara.tn/item/67c57cb8119f0ab09bcec5e7/Maisons%20et%20Villas/Nabeul/Klibia/villa_jumele_rnover_a_vendre_emplacement_stratgique_cit_riadh_klibia_/
A vendre un appartement en S+4 de 177mÂ² Ã  Ennasr,380000DT,Inconnu,https://www.tayara.tn/item/675c4dadf39faeaa98b85c11/Appartements/Ariana/Ennasr/A_vendre_un_appartement_en_S4_de_177m_Ennasr_/
"Immeuble semi-inachevÃ© Ã  Chraf, Ã  2 pas de la mer",400000DT,Inconnu,https://www.tayara.tn/item/673866a90d8480a1e00fae87/Autres%20Immobiliers/Monastir/Bekalta/Immeuble_semiinachev_Chraf_2_pas_de_la_mer/
ğŸ¡ Ã€ Vendre : Villa S+4 de 400mÂ² Ã  La Soukra ğŸŒ³,Non spÃ©cifiÃ©,Inconnu,https://www.tayara.tn/item/67dd2b5efd1c6385be3a0080/Maisons%20et%20Villas/Ariana/La_Soukra/_Vendre_Villa_S4_de_400m_La_Soukra_/
Ã€ louer villa Ã  la corniche de Bizerte,1200DT,Inconnu,https://www.tayara.tn/item/67a0f21a6286c241457d3991/Maisons%20et%20Villas/Bizerte/Bizerte_Nord/_louer_villa_la_corniche_de_Bizerte_/
Appartement S+1 Ain citÃ© Wahat Zaghouan,240000DT,Inconnu,https://www.tayara.tn/item/675018b40d8480a1e01c8c52/Appartements/Tunis/Ain_Zaghouen/Appartement_S1_Ain_cit_Wahat_Zaghouan/
Vente deux Terrains Ã  la soukra,Non spÃ©cifiÃ©,Inconnu,https://www.tayara.tn/item/6733120d0d8480a1e00c320e/Terrains%20et%20Fermes/Ariana/La_Soukra/Vente_deux_Terrains_la_soukra/
Vente Appartement S+2 Borj Louzir,110000DT,Inconnu,https://www.tayara.tn/item/673312e43c20a99fb54de3f8/Appartements/Ariana/Borj_Louzir/Vente_Appartement_S2_Borj_Louzir_/
Location Etage de villa S+3 aux Jardins de Laouina,Non spÃ©cifiÃ©,Inconnu,https://www.tayara.tn/item/6735d17f0d8480a1e00e1512/Appartements/Tunis/L_Aouina/Location_Etage_de_villa_S3_aux_Jardins_de_Laouina/
Vente appartement S+4 Ã  L' Aouina,425000DT,Inconnu,https://www.tayara.tn/item/67cec4c5c68ce6b5539ab1fe/Appartements/Tunis/L_Aouina/Vente_appartement_S4_L_Aouina_/
Vente un grand appartement S+4,320000DT,Inconnu,https://www.tayara.tn/item/67d016cec68ce6b5539b7b86/Appartements/Tunis/La_Marsa/Vente_un_grand_appartement_S4/
Vente Appartement S+2 Ã  l'Aouina,230000DT,Inconnu,https://www.tayara.tn/item/67d343f3c68ce6b5539d63ce/Appartements/Tunis/L_Aouina/Vente_Appartement_S2_lAouina/
Vente Appartement S+2 Ã  Soukra rue du Parc,375000DT,Inconnu,https://www.tayara.tn/item/67d34b6bc68ce6b5539d6a87/Appartements/Ariana/La_Soukra/Vente_Appartement_S2_Soukra_rue_du_Parc/
S+2 en Vente,250000DT,Inconnu,https://www.tayara.tn/item/678277da7041684afebee0c5/Appartements/Ariana/La_Soukra/S2_en_Vente_/
Appartement S+3 en Vente Ã  Chotrana 1,490000DT,Inconnu,https://www.tayara.tn/item/6797b9afa487ea2259bf1398/Appartements/Ariana/Chotrana_1/Appartement_S3_en_Vente_Chotrana_1/
S+3 en vente,235000DT,Inconnu,https://www.tayara.tn/item/6780dbd27041684afebd9044/Appartements/Mahdia/Mahdia/S3_en_vente/
OpportunitÃ© d'investissement Ã  Louis Braille,Non spÃ©cifiÃ©,Inconnu,https://www.tayara.tn/item/67c02259af2813f8075b50f3/Autres%20Immobiliers/Tunis/Tunis_Belvedere/Opportunit_dinvestissement_Louis_Braille/
Vente lot de terrain,Non spÃ©cifiÃ©,Inconnu,https://www.tayara.tn/item/67d01437efd14d3d051efb7f/Terrains%20et%20Fermes/Ben_Arous/Boumhel/Vente_lot_de_terrain_/
âœ… ÙÌ³Ø±Ì³ØµÌ³Ø©Ì³ : Ø£Ø±Ø¶ Ù„Ù„Ø¨ÙŠØ¹ ÙÙŠ ÙÙŠ ÙŠØ§Ø³Ù…ÙŠÙ† Ø§Ù„Ø­Ù…Ø§Ù…Ø§Øª ğŸ˜,95000DT,Inconnu,https://www.tayara.tn/item/67cc01c6119f0ab09bd244c6/Terrains%20et%20Fermes/Nabeul/Hammamet/_/
AOUINA FOND DE COMMERCE,53000DT,Inconnu,https://www.tayara.tn/item/66d87ba4e2f0c13af83bd48a/Magasins%2C%20Commerces%20et%20Locaux%20industriels/Tunis/L_Aouina/AOUINA_FOND_DE_COMMERCE/
Ø£Ø±Ø¶ Ù„Ù„Ø¨ÙŠØ¹ Ù…300 Ø±Ù…ÙŠÙ„Ø© Ø´Ø· Ù…Ø±ÙŠÙ… Ù…Ø¹ Ù…Ù†Ø¸Ø± Ø¬Ù…ÙŠÙ„ Ù…Ø·Ù„ Ø¹Ù„Ù‰ Ù…ÙˆÙ„,48000DT,Inconnu,https://www.tayara.tn/item/677e3fdef39faeaa98cbf509/Terrains%20et%20Fermes/Sousse/Kala_Kebira/_300_/
terrain vue mer Ã  Rmila Chatt Meriem 1600 m,384000DT,Inconnu,https://www.tayara.tn/item/6797b6e0a487ea2259bf1191/Terrains%20et%20Fermes/Sousse/Chatt_mariem/terrain_vue_mer_Rmila_Chatt_Meriem_1600_m_/
APPARTEMENT A VENDRE S+2 A AIN ZAGHOUAN,395000DT,Inconnu,https://www.tayara.tn/item/67c2ecda119f0ab09bcdb631/Appartements/Tunis/Ain_Zaghouen/APPARTEMENT_A_VENDRE_S2_A_AIN_ZAGHOUAN_/
appartement s1 meublÃ©,1100DT,Inconnu,https://www.tayara.tn/item/67dc21e2ca3467b14e68fe6a/Appartements/Sousse/Sousse_corniche/appartement_s1_meubl_/
Villa IndÃ©pendante,640000DT,Inconnu,https://www.tayara.tn/item/679de7c56286c241457b528a/Maisons%20et%20Villas/Mahdia/Autres_Villes/Villa_Indpendante_/
Ford Fusion 2016 1ere Main,45000DT,Inconnu,https://www.tayara.tn/item/67d3635befd14d3d05210475/Voitures/Ariana/Ariana/Ford_Fusion_2016_1ere_Main/
Audi A3,35000DT,Inconnu,https://www.tayara.tn/item/67daea14fd1c6385be38cf60/Voitures/Tunis/El_Manar_2/Audi_A3/
Ã€ vendre appartement S+3 Ã  riadh landalous,460000DT,Inconnu,https://www.tayara.tn/item/67d7cb8afd1c6385be36ddcc/Appartements/Ariana/Riadh_Andalous/_vendre_appartement_S3_riadh_landalous/
Maison a vendre,138000DT,Inconnu,https://www.tayara.tn/item/67da952fca3467b14e68175b/Maisons%20et%20Villas/Mahdia/Autres_Villes/Maison_a_vendre_/
Ã  vendre Suzuki Swift Bleu,42000DT,Inconnu,https://www.tayara.tn/item/67dbda91ca3467b14e68ccf5/Voitures/Ben_Arous/El_Mourouj/_vendre_Suzuki_Swift_Bleu/
Villa indÃ©pendante,555000DT,Inconnu,https://www.tayara.tn/item/67dbda78ca3467b14e68cce8/Maisons%20et%20Villas/Monastir/Sahline/Villa_indpendante_/
bureau Ã  louer,850DT,Inconnu,https://www.tayara.tn/item/67bdc3ecaf2813f80759fba5/Bureaux%20et%20Plateaux/Sousse/Sousse_corniche/bureau_louer_/
bureau Ã  louer,950DT,Inconnu,https://www.tayara.tn/item/67bdc142af2813f80759f880/Bureaux%20et%20Plateaux/Sousse/Sousse_corniche/bureau_louer_/
appartement meublÃ© Ã  louer,1600DT,Inconnu,https://www.tayara.tn/item/67bde893af2813f8075a1e9d/Bureaux%20et%20Plateaux/Sousse/Sousse_corniche/appartement_meubl_louer_/
A louer un spacieux s+2 meublÃ© dans la zone de panorama,1100DT,Inconnu,https://www.tayara.tn/item/67d14341c68ce6b5539c2032/Appartements/Sousse/Sousse_corniche/A_louer_un_spacieux_s2_meubl_dans_la_zone_de_panorama_/
Belle Villa S+4 Ã  Hammamet Ã  Vendre TÃ©l/whatsapp : 50499055,845000DT,Inconnu,https://www.tayara.tn/item/670d39a21cde9a414fa640c2/Maisons%20et%20Villas/Nabeul/Hammamet/Belle_Villa_S4_Hammamet_Vendre_Tlwhatsapp_50499055/
Une Villa de 355.20mÂ²,Non spÃ©cifiÃ©,Inconnu,https://www.tayara.tn/item/6724b0a272ad847c9c32705e/Immobilier%20Neuf/Ariana/Chotrana_1/Une_Villa_de_35520m/
Une Villa de 365.05mÂ²,Non spÃ©cifiÃ©,Inconnu,https://www.tayara.tn/item/6724b7c472ad847c9c327f75/Immobilier%20Neuf/Ariana/Chotrana_1/Une_Villa_de_36505m/
Une Villa de 355.20mÂ²,Non spÃ©cifiÃ©,Inconnu,https://www.tayara.tn/item/6724b84372ad847c9c32805a/Immobilier%20Neuf/Ariana/Chotrana_1/Une_Villa_de_35520m/
Une Villa de 515.50mÂ²,Non spÃ©cifiÃ©,Inconnu,https://www.tayara.tn/item/6724b9a872ad847c9c32833a/Immobilier%20Neuf/Ariana/Chotrana_1/Une_Villa_de_51550m/
Une Villa de 367.64mÂ²,Non spÃ©cifiÃ©,Inconnu,https://www.tayara.tn/item/6724e8a272ad847c9c32dd42/Immobilier%20Neuf/Ariana/Chotrana_1/Une_Villa_de_36764m/
Une Villa de 365.05mÂ²,Non spÃ©cifiÃ©,Inconnu,https://www.tayara.tn/item/6724ef2a72ad847c9c32ebeb/Immobilier%20Neuf/Ariana/Chotrana_1/Une_Villa_de_36505m/
Une Villa de 346.52mÂ²,Non spÃ©cifiÃ©,Inconnu,https://www.tayara.tn/item/6724f28972ad847c9c32f23e/Immobilier%20Neuf/Ariana/Chotrana_1/Une_Villa_de_34652m/
Une Villa de 339.07mÂ²,Non spÃ©cifiÃ©,Inconnu,https://www.tayara.tn/item/6724f3cb72ad847c9c32f4e0/Immobilier%20Neuf/Ariana/Chotrana_1/Une_Villa_de_33907m/
Un S+2 de 118.45mÂ² au 4Ã©me Ã©tage,Non spÃ©cifiÃ©,Inconnu,https://www.tayara.tn/item/67238fdb7453b1828b30a88a/Immobilier%20Neuf/Sousse/Sahloul/Un_S2_de_11845m_au_4me_tage/
Un S+2 de 118.45mÂ² au 1er Ã©tage,Non spÃ©cifiÃ©,Inconnu,https://www.tayara.tn/item/6723921a7453b1828b30aa96/Immobilier%20Neuf/Sousse/Sahloul/Un_S2_de_11845m_au_1er_tage/
Un S+3 de 139.86mÂ² au 1er Ã©tage,Non spÃ©cifiÃ©,Inconnu,https://www.tayara.tn/item/6723992f7453b1828b30b228/Immobilier%20Neuf/Sousse/Sahloul/Un_S3_de_13986m_au_1er_tage/
"A vendre un bureau de 118,21mÂ² au RDC",Non spÃ©cifiÃ©,Inconnu,https://www.tayara.tn/item/6723a2c71d151770b12e3e12/Immobilier%20Neuf/Sousse/Sahloul/A_vendre_un_bureau_de_11821m_au_RDC/
A louer une villa s4 avec piscine Ã  Ain Zaghouan,5000DT,Inconnu,https://www.tayara.tn/item/67d02b8defd14d3d051f0fd0/Maisons%20et%20Villas/Tunis/Ain_Zaghouen/A_louer_une_villa_s4_avec_piscine_Ain_Zaghouan_/
Villa Ã  vendre,1300000DT,Inconnu,https://www.tayara.tn/item/674dbacf0d8480a1e01b9b52/Maisons%20et%20Villas/Sousse/Kala_Kebira/Villa_vendre_/
Immeuble Ã  vendre,830000DT,Inconnu,https://www.tayara.tn/item/678a71d47041684afec53b21/Appartements/Sousse/Akouda/Immeuble_vendre_/
Terrain agricole Ã  vendre Sidi Bouali,148000DT,Inconnu,https://www.tayara.tn/item/6766bfceb7de28167ec38a9c/Terrains%20et%20Fermes/Sousse/Sidi_Bou_Ali/Terrain_agricole_vendre_Sidi_Bouali_/
Terrain Ã  vendre,175000DT,Inconnu,https://www.tayara.tn/item/67a4cfedecbb2843cb427e66/Terrains%20et%20Fermes/Sousse/Akouda/Terrain_vendre_/
citernes alimentaires,480DT,Inconnu,https://www.tayara.tn/item/6786cebaed6f33de58c2a536/Jardins%20et%20Outils%20de%20bricolage/Ben_Arous/Mgrine/citernes_alimentaires_/
"Ã€ Vendre â€“ Maison s+4 Plain-Pied Ã  La Soukra, Tunis",530000DT,Inconnu,https://www.tayara.tn/item/67c8da7393928ac5bc176a00/Maisons%20et%20Villas/Ariana/La_Soukra/_Vendre_Maison_s4_PlainPied_La_Soukra_Tunis/
Maison qui fait le coin,157000DT,Inconnu,https://www.tayara.tn/item/67bddf05af2813f8075a152d/Maisons%20et%20Villas/Sousse/Sousse/Maison_qui_fait_le_coin_/
S+2 au 1er Ã©tage,135000DT,Inconnu,https://www.tayara.tn/item/67c048acaf2813f8075b6fc6/Appartements/Sousse/Sousse/S2_au_1er_tage_/
A vendre un appartement S+2 au 4Ã©me Ã©tage,456000DT,Inconnu,https://www.tayara.tn/item/67d7d45cfd1c6385be36e30f/Immobilier%20Neuf/Sousse/Chatt_mariem/A_vendre_un_appartement_S2_au_4me_tage/
A vendre un appartement S+2 au 1 er Ã©tage,401000DT,Inconnu,https://www.tayara.tn/item/67d7cee7ca3467b14e66692b/Immobilier%20Neuf/Sousse/Chatt_mariem/A_vendre_un_appartement_S2_au_1_er_tage/
Villa jumelÃ©e VUE DE MER composÃ© de deux duplex A VENDRE,550000DT,Inconnu,https://www.tayara.tn/item/679cf1526286c241457addbf/Maisons%20et%20Villas/Nabeul/Klibia/Villa_jumele_VUE_DE_MER_compos_de_deux_duplex_A_VENDRE_/
A vendre un appartement S+2 au 2Ã©me Ã©tage,415000DT,Inconnu,https://www.tayara.tn/item/67d422feca3467b14e642e78/Immobilier%20Neuf/Sousse/Chatt_mariem/A_vendre_un_appartement_S2_au_2me_tage/
A vendre un appartement S+2 au RDC,466000DT,Inconnu,https://www.tayara.tn/item/67d42010ca3467b14e642a9d/Immobilier%20Neuf/Sousse/Chatt_mariem/A_vendre_un_appartement_S2_au_RDC/
A louer une villa avec piscine Ã  soukra,4000DT,Inconnu,https://www.tayara.tn/item/67daad76ca3467b14e682cdd/Maisons%20et%20Villas/Ariana/La_Soukra/A_louer_une_villa_avec_piscine_soukra/
Maison style arabesque au Centre ville,375000DT,Inconnu,https://www.tayara.tn/item/67d97871fd1c6385be37f64d/Maisons%20et%20Villas/Monastir/Monastir/Maison_style_arabesque_au_Centre_ville/
Appartement S+3 â€“ 5Ã¨me Ã©tage avec ascenseur,210000DT,Inconnu,https://www.tayara.tn/item/67cff92bc68ce6b5539b6236/Appartements/Sousse/Sousse_Jawhara/Appartement_S3_5me_tage_avec_ascenseur/
ğŸ  Ã€ Vendre : Villa S+4 Ã  l'Aouina ğŸŒŸ,Non spÃ©cifiÃ©,Inconnu,https://www.tayara.tn/item/67da9665fd1c6385be388f3d/Maisons%20et%20Villas/Tunis/L_Aouina/_Vendre_Villa_S4_lAouina_/
A vendre un appartement S+2 au 2Ã©me Ã©tage,527000DT,Inconnu,https://www.tayara.tn/item/67d41a49ca3467b14e642312/Immobilier%20Neuf/Sousse/Chatt_mariem/A_vendre_un_appartement_S2_au_2me_tage/
A vendre un appartement S+1 au 5 Ã©me Ã©tage,296000DT,Inconnu,https://www.tayara.tn/item/67d41689ca3467b14e641d48/Immobilier%20Neuf/Sousse/Chatt_mariem/A_vendre_un_appartement_S1_au_5_me_tage/
A vendre un appartement S+2 au 1 er Ã©tage,429000DT,Inconnu,https://www.tayara.tn/item/67d2e51ec68ce6b5539d2afa/Immobilier%20Neuf/Sousse/Chatt_mariem/A_vendre_un_appartement_S2_au_1_er_tage/
A vendre un appartement S+1 au 6 Ã©me Ã©tage,250000DT,Inconnu,https://www.tayara.tn/item/67d01cbbefd14d3d051f0294/Immobilier%20Neuf/Sousse/Sahloul/A_vendre_un_appartement_S1_au_6_me_tage/
A vendre un appartement S+2 au 3 Ã©me Ã©tage,370000DT,Inconnu,https://www.tayara.tn/item/67d019f7c68ce6b5539b7e5b/Immobilier%20Neuf/Sousse/Sahloul/A_vendre_un_appartement_S2_au_3_me_tage/
A vendre un appartement S+3 au 1er Etage,455000DT,Inconnu,https://www.tayara.tn/item/67d01854efd14d3d051efeb7/Immobilier%20Neuf/Sousse/Sahloul/A_vendre_un_appartement_S3_au_1er_Etage/
A vendre un appartement S+3 au 5Ã©me Ã©tage,455000DT,Inconnu,https://www.tayara.tn/item/67d0157cefd14d3d051efc81/Immobilier%20Neuf/Sousse/Sahloul/A_vendre_un_appartement_S3_au_5me_tage/
A vendre un appartement en S+3 de 163mÂ² Ã  Ennasr,410000DT,Inconnu,https://www.tayara.tn/item/67b9bbf5bf049e957ead68e3/Appartements/Ariana/Ennasr/A_vendre_un_appartement_en_S3_de_163m_Ennasr/
A vendre un appartement S+2 au 2Ã©me Ã©tage,415000DT,Inconnu,https://www.tayara.tn/item/67d0126ac68ce6b5539b7819/Immobilier%20Neuf/Sousse/Sahloul/A_vendre_un_appartement_S2_au_2me_tage/
A vendre un appartement S+1 au RDC,520000DT,Inconnu,https://www.tayara.tn/item/67d0102dc68ce6b5539b761e/Immobilier%20Neuf/Sousse/Sahloul/A_vendre_un_appartement_S1_au_RDC/
TERRAIN A MAAMOURA PLAGE,120DT,Inconnu,https://www.tayara.tn/item/67d9290afd1c6385be37b495/Terrains%20et%20Fermes/Nabeul/Bni_Khiar/TERRAIN_A_MAAMOURA_PLAGE_/
Maamoura Plage loue Villa Sialla ete 2025,5000DT,Inconnu,https://www.tayara.tn/item/67da8a22fd1c6385be388558/Maisons%20et%20Villas/Nabeul/Bni_Khiar/Maamoura_Plage_loue_Villa_Sialla_ete_2025/
A vendre un appartement S+1 au 3Ã©me Ã©tage,295000DT,Inconnu,https://www.tayara.tn/item/67cb009f93928ac5bc1895a0/Immobilier%20Neuf/Nabeul/Hammamet/A_vendre_un_appartement_S1_au_3me_tage/
A vendre un appartement S+3 au 3Ã©me Ã©tage,545000DT,Inconnu,https://www.tayara.tn/item/67cafaa3119f0ab09bd1c8f0/Immobilier%20Neuf/Nabeul/Hammamet/A_vendre_un_appartement_S3_au_3me_tage/
A vendre un appartement S+1 au 2Ã©me Ã©tage,290000DT,Inconnu,https://www.tayara.tn/item/67caf5a3119f0ab09bd1c570/Immobilier%20Neuf/Nabeul/Hammamet/A_vendre_un_appartement_S1_au_2me_tage/
A vendre un appartement S+2 au 1Ã©re Ã©tage,450000DT,Inconnu,https://www.tayara.tn/item/67caeea0119f0ab09bd1c094/Immobilier%20Neuf/Nabeul/Hammamet/A_vendre_un_appartement_S2_au_1re_tage/
A vendre un appartement S+2 au RDC,485000DT,Inconnu,https://www.tayara.tn/item/67caeae993928ac5bc18860e/Immobilier%20Neuf/Nabeul/Hammamet/A_vendre_un_appartement_S2_au_RDC/
Villa individuelle en vente Ã  Borj Louzir,530000DT,Inconnu,https://www.tayara.tn/item/67bf320cbf049e957eb0ea53/Maisons%20et%20Villas/Ariana/Borj_Louzir/Villa_individuelle_en_vente_Borj_Louzir_/
S+1 en Vente,285000DT,Inconnu,https://www.tayara.tn/item/67587bde8729cead59ea6e5b/Appartements/Ariana/Chotrana_1/S1_en_Vente/
Ã€ louer Un S+2 Ã  1000 DT !!,1000DT,Inconnu,https://www.tayara.tn/item/67c71148119f0ab09bcfa207/Appartements/Tunis/La_Marsa/_louer_Un_S2_1000_DT_/
Ã€ vendre Un rez-de-chaussÃ©e de villa au cÅ“ur de La Marsa Ville !!,570000DT,Inconnu,https://www.tayara.tn/item/67c7127593928ac5bc166bbf/Maisons%20et%20Villas/Tunis/La_Marsa/_vendre_Un_rezdechausse_de_villa_au_cur_de_La_Marsa_Ville_/
Appartement S+3 Vide A La Marsa,2200DT,Inconnu,https://www.tayara.tn/item/67af0b1786d5f7a45c1a1424/Appartements/Tunis/La_Marsa/Appartement_S3_Vide_A_La_Marsa/
Ã€ vendre Appartement au rez-de-chaussÃ©e Ã  La Marsa Jamais habitÃ© !!,195000DT,Inconnu,https://www.tayara.tn/item/67d04869efd14d3d051f2741/Appartements/Tunis/La_Marsa/_vendre_Appartement_au_rezdechausse_La_Marsa_Jamais_habit_/
308 gt,60DT,Inconnu,https://www.tayara.tn/item/67da7afffd1c6385be3879dd/Voitures/Sousse/Kala_Sghira/308_gt/
S+3 a louer avec une vue partielle sur mer Ã  la marsa plage,4000DT,Inconnu,https://www.tayara.tn/item/67da13f8fd1c6385be3856f8/Appartements/Tunis/La_Marsa/S3_a_louer_avec_une_vue_partielle_sur_mer_la_marsa_plage_/
A vendre appartement vue mer s+2 Ã  hammam Sousse Ã  cote restaurant le QG,260000DT,Inconnu,https://www.tayara.tn/item/674850cb3c20a99fb55b0817/Appartements/Sousse/Hammam_Sousse/A_vendreappartement_vue_mer_s2_hammam_Sousse_cote_restaurant_le_QG_/
A vendre des appartements haut standing; S+2 ; S+3 En cours de construction Ã  sahloul 4. prix 2800 dt / mÂ²,Non spÃ©cifiÃ©,Inconnu,https://www.tayara.tn/item/674826040d8480a1e01935bd/Appartements/Sousse/Sahloul/A_vendre_des_appartements_haut_standing_S2_S3_En_cours_de_construction_sahloul_4_prix_2800_dt_m/
Ø§Ø±Ø¶ Ù„Ù„Ø¨ÙŠØ¹ terrain Ã  vendre,Non spÃ©cifiÃ©,Inconnu,https://www.tayara.tn/item/67d9e121fd1c6385be383382/Terrains%20et%20Fermes/Sfax/Route_GREMDA/_terrain_vendre_/
A vendre un appartement S+1 au 1 er Ã©tage,427000DT,Inconnu,https://www.tayara.tn/item/67d41e78ca3467b14e6428a4/Immobilier%20Neuf/Sousse/Chatt_mariem/A_vendre_un_appartement_S1_au_1_er_tage/
Ford Fiesta premiÃ¨re main annÃ©e 2020,40500DT,Inconnu,https://www.tayara.tn/item/67d1afc0c68ce6b5539c7470/Voitures/Ariana/La_Soukra/Ford_Fiesta_premire_main_anne_2020/
Terrain a Vendre,186.5500030517578DT,Inconnu,https://www.tayara.tn/item/67c09935af2813f8075baba3/Terrains%20et%20Fermes/Mahdia/Autres_Villes/Terrain_a_Vendre_/
Apartement a Vendre,265000DT,Inconnu,https://www.tayara.tn/item/67b9b848af2813f807575bf4/Appartements/Mahdia/Autres_Villes/Apartement_a_Vendre_/
S+1 MEUBLE A LOUER A AIN ZAGHOUAN,1300DT,Inconnu,https://www.tayara.tn/item/67c0398ebf049e957eb16d58/Appartements/Tunis/Ain_Zaghouen/S1_MEUBLE_A_LOUER_A_AIN_ZAGHOUAN/
MG GT,35500DT,Inconnu,https://www.tayara.tn/item/67d972c5ca3467b14e677b54/Voitures/Tunis/Le_Bardo/MG_GT/
Local commercial de 90 mÂ² au Kram,998DT,Inconnu,https://www.tayara.tn/item/67d9707dfd1c6385be37f062/Magasins%2C%20Commerces%20et%20Locaux%20industriels/Tunis/Le_Kram/Local_commercial_de_90_m_au_Kram/
ford ranger,17800DT,Inconnu,https://www.tayara.tn/item/67c588e593928ac5bc1597fe/Camions/Kairouan/El_Ala/ford_ranger_/
A vendre Triplex Haut Standing Ã  Gammarth,1390000DT,Inconnu,https://www.tayara.tn/item/679d3df3a487ea2259c29eea/Maisons%20et%20Villas/Tunis/Gammarth/A_vendre_Triplex_Haut_Standing_Gammarth/
BNW R1250 RT,98000DT,Inconnu,https://www.tayara.tn/item/67d813d9fd1c6385be371c73/Motos/Tunis/Ain_Zaghouen/BNW_R1250_RT_/
PORSCHE MACAN 2.0,295000DT,Inconnu,https://www.tayara.tn/item/67d8948bfd1c6385be377508/Voitures/Tunis/Ain_Zaghouen/PORSCHE_MACAN_20/
ğŸ¡ Villa Ã  vendre Ã  Ain Zaghouen ğŸŒŸ,Non spÃ©cifiÃ©,Inconnu,https://www.tayara.tn/item/67d95270fd1c6385be37d681/Maisons%20et%20Villas/Tunis/Ain_Zaghouen/_Villa_vendre_Ain_Zaghouen_/
Villa individuelle en vente Ã  El Menzah 7,1700000DT,Inconnu,https://www.tayara.tn/item/677bbf98b7de28167ecf5a8e/Maisons%20et%20Villas/Ariana/El_Menzah_7/Villa_individuelle_en_vente_El_Menzah_7/
Bureau en 3 espaces - 140mÂ²- Montplaisir- IFCM145,2900DT,Inconnu,https://www.tayara.tn/item/677fb285f39faeaa98ccf5dd/Bureaux%20et%20Plateaux/Tunis/Montplaisir/_Bureau_en_3_espaces_140m_Montplaisir_IFCM145/
A louer une villa avec piscine Ã  la Soukra,3800DT,Inconnu,https://www.tayara.tn/item/67d029ebefd14d3d051f0ea9/Maisons%20et%20Villas/Ariana/La_Soukra/A_louer_une_villa_avec_piscine_la_Soukra_/
Etage de Villa a Vendre,325000DT,Inconnu,https://www.tayara.tn/item/67bed9a4bf049e957eb09d75/Maisons%20et%20Villas/Mahdia/Autres_Villes/Etage_de_Villa_a_Vendre_/
Appartement a Vendre,199000DT,Inconnu,https://www.tayara.tn/item/67b9b7bbaf2813f807575b48/Appartements/Mahdia/Autres_Villes/Appartement_a_Vendre_/
Terrain commercial a vendre,675000DT,Inconnu,https://www.tayara.tn/item/67d938ecca3467b14e6748ab/Terrains%20et%20Fermes/Mahdia/Autres_Villes/Terrain_commercial_a_vendre_/
Terrain commercial vendre,730000DT,Inconnu,https://www.tayara.tn/item/67d9387fca3467b14e67484f/Terrains%20et%20Fermes/Mahdia/Autres_Villes/Terrain_commercial_vendre_/
Ã  louer un appartement s1 neuf Ã  Ain Zaghouan Nord,1300DT,Inconnu,https://www.tayara.tn/item/67bc39eeaf2813f80758f05f/Appartements/Tunis/Ain_Zaghouan_Nord/_louer_un_appartement_s1_neuf_Ain_Zaghouan_Nord/
"Salon Simili cuir 7 places, couleur Ã©cru",650DT,Inconnu,https://www.tayara.tn/item/67d7f1d9fd1c6385be36fb85/Meubles%20et%20D%C3%A9coration/Ariana/Ennasr/Salon_Simili_cuir_7_places_couleur_cru/
Appartement Neuf Ã  louer situÃ© Ã  Hammam Sousse,1100DT,Inconnu,https://www.tayara.tn/item/67c5720a93928ac5bc158729/Appartements/Sousse/Hammam_Sousse/Appartement_Neuf_louer_situ_Hammam_Sousse/
Appartement Haut Standing Ã  louer Ã  Hammam Sousse,1100DT,Inconnu,https://www.tayara.tn/item/67c56f3a119f0ab09bcebc7b/Appartements/Sousse/Hammam_Sousse/Appartement_Haut_Standing_louer_Hammam_Sousse/
hall +2 en location a el menzah 8.,900DT,Inconnu,https://www.tayara.tn/item/67c19f0e93928ac5bc13e105/Bureaux%20et%20Plateaux/Ariana/El_Menzah_8/hall_2_en_location_a_el_menzah_8/
Villa Ã  vendre,410000DT,Inconnu,https://www.tayara.tn/item/67c5924193928ac5bc159eeb/Maisons%20et%20Villas/Sousse/Kala_Kebira/Villa_vendre_/
Un bureau A+2 Ã  sahloul 1,165000DT,Inconnu,https://www.tayara.tn/item/67c5b35993928ac5bc15b76c/Bureaux%20et%20Plateaux/Sousse/Sahloul/Un_bureau_A2_sahloul_1_/
Une villa plain pied fait le coin,570000DT,Inconnu,https://www.tayara.tn/item/678f5f84c572f8fd2af518b7/Maisons%20et%20Villas/Sousse/Sahloul/Une_villa_plain_pied_fait_le_coin_/
"Un appartement S+3 Ã  louer, Ã  deux pas de la mer dans la zone touristique de Hammam Sousse",1200DT,Inconnu,https://www.tayara.tn/item/67c6c0f3119f0ab09bcf64a5/Appartements/Sousse/Hammam_Sousse/Un_appartement_S3_louer_deux_pas_de_la_mer_dans_la_zone_touristique_de_Hammam_Sousse/
A vendre S+3 au bord de la mer Ã  Hammam Sousse,350000DT,Inconnu,https://www.tayara.tn/item/67b45feb0b5f1b5530ff905c/Appartements/Sousse/Hammam_Sousse/A_vendre_S3_au_bord_de_la_mer_Hammam_Sousse/
A Louer S+3 Haut Standing,1900DT,Inconnu,https://www.tayara.tn/item/67cf8843efd14d3d051ebddc/Appartements/Tunis/El_Menzah_9/A_Louer_S3_Haut_Standing/
A louer S+2 au Jardin Carthage,2500DT,Inconnu,https://www.tayara.tn/item/67cf91b2c68ce6b5539b3e69/Appartements/Tunis/Jardins_De_Carthage/A_louer_S2_au_Jardin_Carthage_/
Galaxy S24 ultra neuf cachetÃ© jamais utilisÃ© RAM 12GB/256GB couleur Titanium Black,2950DT,Inconnu,https://www.tayara.tn/item/67d636c9fd1c6385be360641/T%C3%A9l%C3%A9phones/Monastir/Monastir/Galaxy_S24_ultra_neuf_cachet_jamais_utilis_RAM_12GB256GB_couleur_Titanium_Black/
machine a laver Candy 10kg,950DT,Inconnu,https://www.tayara.tn/item/67d75380fd1c6385be36a52c/Electrom%C3%A9nagers%20et%20Vaisselles/Tunis/Menzah/machine_a_laver_Candy_10kg/
Table Ã  manger et 6 chaises,1800DT,Inconnu,https://www.tayara.tn/item/67d80fe7fd1c6385be3718e7/Meubles%20et%20D%C3%A9coration/Ariana/La_Soukra/Table_manger_et_6_chaises_/
Ã€ VENDRE â€“ 2 Locaux Industriels Ã  la Zone Industrielle El Mghira,2900000DT,Inconnu,https://www.tayara.tn/item/673c7bfe0d8480a1e01221e1/Magasins%2C%20Commerces%20et%20Locaux%20industriels/Ben_Arous/Fouchana/_VENDRE_2_Locaux_Industriels_la_Zone_Industrielle_El_Mghira_/
Local Industriel Ksar Said,2399998DT,Inconnu,https://www.tayara.tn/item/6722309c7453b1828b2f45b1/Magasins%2C%20Commerces%20et%20Locaux%20industriels/La_Manouba/Autres_Villes/Local_Industriel_Ksar_Said/
Appartement 5 piÃ¨ces aux Jardins de Carthage,780000DT,Inconnu,https://www.tayara.tn/item/67bf2bf0af2813f8075ada74/Appartements/Tunis/Jardins_De_Carthage/Appartement_5_pices_aux_Jardins_de_Carthage_/
Ã€ vendre un Local Industriel de Haut Standing Ã  BIR KASAA,Non spÃ©cifiÃ©,Inconnu,https://www.tayara.tn/item/675bfd94f39faeaa98b7d908/Magasins%2C%20Commerces%20et%20Locaux%20industriels/Ben_Arous/Ben_Arous/_vendre_un_Local_Industriel_de_Haut_Standing_BIR_KASAA/
Appartement Jardins du Carthage,1700DT,Inconnu,https://www.tayara.tn/item/67b5cca686d5f7a45c1e73a9/Appartements/Tunis/Jardins_De_Carthage/Appartement_Jardins_du_Carthage_/
ğ—¢ğ—³ğ—³ğ—¿ğ—² ğ—±ğ—² ğ—¹ğ—¼ğ—°ğ—®ğ˜ğ—¶ğ—¼ğ—»,750DT,Inconnu,https://www.tayara.tn/item/67d7f6fffd1c6385be370098/Appartements/Ben_Arous/Medina_Jedida/_/
S+2 DE 118 M CARRE,410000DT,Inconnu,https://www.tayara.tn/item/66d1a2d0e2f0c13af831d34d/Appartements/Tunis/El_Menzah_9/S2_DE_118_M_CARRE/
S+2 a jardin del menzah 2,390000DT,Inconnu,https://www.tayara.tn/item/67bc58beaf2813f807590f99/Appartements/Ariana/Les_Jardins_El_Menzah_2/S2_a_jardin_del_menzah_2/
S+1 a jardin del menzah 2,270000DT,Inconnu,https://www.tayara.tn/item/67bc578cbf049e957eaf187f/Appartements/Ariana/Les_Jardins_El_Menzah_2/S1_a_jardin_del_menzah_2/
VILLA EN S+3 DE 800MÂ² AU MANAR 1,1400000DT,Inconnu,https://www.tayara.tn/item/678e70edc572f8fd2af49c79/Maisons%20et%20Villas/Tunis/El_Manar_1/VILLA_EN_S3_DE_800M_AU_MANAR_1/
Offre D'emploi: assistante commerciale,Non spÃ©cifiÃ©,Inconnu,https://www.tayara.tn/item/67d77b7cca3467b14e664a40/Offres%20d'emploi/Ariana/Chotrana_1/Offre_Demploi_assistante_commerciale/
A Vendre S+3 Ã  wahat l'aouina,360000DT,Inconnu,https://www.tayara.tn/item/67d764dfca3467b14e663bb9/Appartements/Tunis/L_Aouina/A_Vendre_S3_wahat_laouina_/
Porte Chaussures Bois,190DT,Inconnu,https://www.tayara.tn/item/67d6bb02fd1c6385be363bd2/Meubles%20et%20D%C3%A9coration/Tunis/La_Marsa/Porte_Chaussures_Bois/
ğ€ ğ¯ğğ§ğğ«ğ ğ®ğ§ ğšğ©ğ©ğšğ«ğ­ğğ¦ğğ§ğ­ ğ’+ğŸ ğšÌ€ ğ‡ğšğ¦ğ¦ğšğ¦ğğ­ 27246313,140000DT,Inconnu,https://www.tayara.tn/item/67d69490ca3467b14e65ab95/Appartements/Nabeul/Hammamet/_27246313/
Ã€ vendre : Terrain Ã  La Soukra de 472 mÂ²ğŸŒŠ,Non spÃ©cifiÃ©,Inconnu,https://www.tayara.tn/item/67d6995dca3467b14e65ae37/Terrains%20et%20Fermes/Ariana/La_Soukra/_vendre_Terrain_La_Soukra_de_472_m/
MG GT BVA,83000DT,Inconnu,https://www.tayara.tn/item/67d65e99ca3467b14e659a24/Voitures/Ben_Arous/Boumhel/MG_GT_BVA/
Montre Guess pour Homme,250DT,Inconnu,https://www.tayara.tn/item/66e5a7a7b3c14db342cda14b/Montres%20et%20Bijoux/Tunis/Centre_Urbain_Nord/Montre_Guess_pour_Homme_/
Volkswagen crafter 2016 importÃ© NORVÃˆGE,62000DT,Inconnu,https://www.tayara.tn/item/67ca3a8193928ac5bc18362f/Voitures/Tunis/El_Omrane_Suprieur/Volkswagen_crafter_2016_import_NORVGE_/
Fond De Commerce A Vendre,85000DT,Inconnu,https://www.tayara.tn/item/67d5eeeeca3467b14e655e3d/Autres%20Immobiliers/Nabeul/Nabeul/Fond_De_Commerce_A_Vendre/
A vendre un appartement S+2 Ã  Borj Louzir,243000DT,Inconnu,https://www.tayara.tn/item/67bc3532bf049e957eaef5d7/Appartements/Ariana/Borj_Louzir/A_vendre_un_appartement_S2_Borj_Louzir/
Isuzu DMAX,65000DT,Inconnu,https://www.tayara.tn/item/67d5a8f4fd1c6385be35aabf/Voitures/Mahdia/El_Jem/Isuzu_DMAX_/
TAZARKA PLAGE - TERRAIN CONSTRUCTIBLE A VENDRE,200DT,Inconnu,https://www.tayara.tn/item/67920f97c572f8fd2af6daf4/Terrains%20et%20Fermes/Nabeul/Korba/TAZARKA_PLAGE_TERRAIN_CONSTRUCTIBLE_A_VENDRE_/
DAROUFA PLAGE - MAAMOURA -TERRAIN A VENDRE,120DT,Inconnu,https://www.tayara.tn/item/6722031bfadab5dc3de1fbd6/Terrains%20et%20Fermes/Nabeul/Bni_Khiar/DAROUFA_PLAGE_MAAMOURA_TERRAIN_A_VENDRE_/
LOT DE TERRAIN A VENDRE COTE AFICA DJAAD,200DT,Inconnu,https://www.tayara.tn/item/67c8073593928ac5bc16d9d6/Terrains%20et%20Fermes/Nabeul/Korba/LOT_DE_TERRAIN_A_VENDRE_COTE_AFICA_DJAAD_/
ford focus 1Ã¨re main trÃ¨s bonne occasion tel 52400207,41000DT,Inconnu,https://www.tayara.tn/item/67d56865ca3467b14e65089b/Voitures/Tunis/El_Menzah_9/ford_focus_1re_main_trs_bonne_occasion_tel_52400207/
A vendre appart S+2 Ã  Mrezga 27246301,270000DT,Inconnu,https://www.tayara.tn/item/67a73a140b5f1b5530f5845e/Appartements/Nabeul/Mrezga/A_vendre_appart_S2_Mrezga_27246301/
"A vendre un appartement Ã  ezzhra, kÃ©libia",200000DT,Inconnu,https://www.tayara.tn/item/67c1c06993928ac5bc13f911/Appartements/Nabeul/Klibia/A_vendre_un_appartement_ezzhra_klibia/
A VENDRE,385000DT,Inconnu,https://www.tayara.tn/item/67aa361186d5f7a45c170410/Terrains%20et%20Fermes/Ben_Arous/Boumhel/A_VENDRE/
A VENDRE,620000DT,Inconnu,https://www.tayara.tn/item/6776a527b7de28167ecc2e10/Maisons%20et%20Villas/Ben_Arous/Rads/A_VENDRE/
Immeuble inachevÃ© de 2 923 mÂ²,1500000DT,Inconnu,https://www.tayara.tn/item/67d551bcca3467b14e64f7bb/Autres%20Immobiliers/Mahdia/Mahdia/Immeuble_inachev_de_2_923_m/
maison Ghar Meleh,265000DT,Inconnu,https://www.tayara.tn/item/6723ab591d151770b12e4638/Maisons%20et%20Villas/Bizerte/Ghar_El_Melh/maison_Ghar_Meleh_/
A vendre appartement S+1,335000DT,Inconnu,https://www.tayara.tn/item/67d54663fd1c6385be3567a7/Appartements/Tunis/Jardins_De_Carthage/A_vendre_appartement_S1_/
A vendre un appartement s+2 Ã  kÃ©libia,Non spÃ©cifiÃ©,Inconnu,https://www.tayara.tn/item/67c07b3abf049e957eb1a054/Appartements/Nabeul/Klibia/A_vendre_un_appartement_s2_klibia/
ğŸ¡âœ¨ A vendre un appartement S+2 situÃ© Ã  Borj Louzir ğŸ¡âœ¨,Non spÃ©cifiÃ©,Inconnu,https://www.tayara.tn/item/67bdb9b6bf049e957eaffbc6/Appartements/Tunis/Tunis/_A_vendre_un_appartement_S2_situ_Borj_Louzir_/
A Louer S+2 avec place parking au sous sol,1100DT,Inconnu,https://www.tayara.tn/item/67c07c23af2813f8075b9617/Appartements/Sousse/Hammam_Sousse/A_Louer_S2_avec_place_parking_au_sous_sol_/
Terrain Ã  vendre Ã  Monastir,Non spÃ©cifiÃ©,Inconnu,https://www.tayara.tn/item/67d52b4dfd1c6385be35595f/Terrains%20et%20Fermes/Monastir/Monastir/Terrain_vendre_Monastir/
A louer un s0 -Aouina,650DT,Inconnu,https://www.tayara.tn/item/67d17bb9c68ce6b5539c50a4/Appartements/Tunis/L_Aouina/A_louer_un_s0_Aouina_/
appartement pour la location,850DT,Inconnu,https://www.tayara.tn/item/67d7fd02ca3467b14e668fce/Appartements/Monastir/Monastir/appartement_pour_la_location/
Appartement S+2 Skanes,339999DT,Inconnu,https://www.tayara.tn/item/67d825befd1c6385be372d0f/Appartements/Monastir/Monastir/Appartement_S2_Skanes_/
Appartement S1 MeublÃ© L'aouina,1400DT,Inconnu,https://www.tayara.tn/item/6788e0337041684afec43509/Appartements/Tunis/L_Aouina/Appartement_S1_Meubl_Laouina/
Fonds de commerce en vente de 80 mÂ² Ã  El Manar 2,100000DT,Inconnu,https://www.tayara.tn/item/67c56cc7119f0ab09bcebaac/Magasins%2C%20Commerces%20et%20Locaux%20industriels/Tunis/El_Manar_2/Fonds_de_commerce_en_vente_de_80_m_El_Manar_2/
Villa individuelle de 754 mÂ² a vendre Ã  El Menzah 9,1600000DT,Inconnu,https://www.tayara.tn/item/67a791f80b5f1b5530f60bc3/Maisons%20et%20Villas/Tunis/El_Menzah_9/Villa_individuelle_de_754_m_a_vendre_El_Menzah_9/
Villa individuelle de 574 mÂ² Ã  vendre Ã  El Manar 2,1700000DT,Inconnu,https://www.tayara.tn/item/67a7936f0b5f1b5530f60e1e/Maisons%20et%20Villas/Tunis/El_Menzah_9/Villa_individuelle_de_574_m_vendre_El_Manar_2/
Villa individuelle meublÃ©e en location,7500DT,Inconnu,https://www.tayara.tn/item/67d40f28ca3467b14e640f77/Maisons%20et%20Villas/Tunis/Menzah/Villa_individuelle_meuble_en_location/
A vendre un appartement en S+4 de 192mÂ² Ã  Ennasr,530000DT,Inconnu,https://www.tayara.tn/item/67b9b896af2813f807575c4c/Appartements/Ariana/Ennasr/A_vendre_un_appartement_en_S4_de_192m_Ennasr_/
A vendre un appartement en S+3 Ã  Ennasr,340000DT,Inconnu,https://www.tayara.tn/item/67b9b5b6af2813f8075758da/Appartements/Ariana/Ennasr/A_vendre_un_appartement_en_S3_Ennasr_/
cafe restaurant nabeul,850000DT,Inconnu,https://www.tayara.tn/item/67d5d8d5fd1c6385be35c3d6/Magasins%2C%20Commerces%20et%20Locaux%20industriels/Nabeul/Nabeul/cafe_restaurant_nabeul/
S+2 en location Ã  Ennasr 2,1300DT,Inconnu,https://www.tayara.tn/item/67b4ac830b5f1b5530ffdbd8/Appartements/Ariana/Cit_Ennasr_2/S2_en_location_Ennasr_2/
iPhone 14 Pro Mauve â€“ Comme Neuf ğŸ‡©ğŸ‡ªğŸ“±,1900DT,Inconnu,https://www.tayara.tn/item/67dd9863fd1c6385be3a4c3a/T%C3%A9l%C3%A9phones/Nabeul/Klibia/iPhone_14_Pro_Mauve_Comme_Neuf_/
A vendre un appartement S+1 au RDC,324000DT,Inconnu,https://www.tayara.tn/item/67d42962ca3467b14e64376e/Immobilier%20Neuf/Sousse/Chatt_mariem/A_vendre_un_appartement_S1_au_RDC/
A vendre un appartement S+1 au 5Ã©me Ã©tage,481000DT,Inconnu,https://www.tayara.tn/item/67d7d3a8fd1c6385be36e292/Immobilier%20Neuf/Sousse/Chatt_mariem/A_vendre_un_appartement_S1_au_5me_tage/
A vendre un appartement S+1 au 2Ã©me Ã©tage,292000DT,Inconnu,https://www.tayara.tn/item/67d7cffffd1c6385be36e075/Immobilier%20Neuf/Sousse/Chatt_mariem/A_vendre_un_appartement_S1_au_2me_tage/
A vendre un appartement S+1 au 5Ã©me Ã©tage,411000DT,Inconnu,https://www.tayara.tn/item/67d4275fca3467b14e6434bb/Immobilier%20Neuf/Sousse/Chatt_mariem/A_vendre_un_appartement_S1_au_5me_tage/
A vendre un appartement S+1 au 1 er Ã©tage,286000DT,Inconnu,https://www.tayara.tn/item/67d42105ca3467b14e642bb1/Immobilier%20Neuf/Sousse/Chatt_mariem/A_vendre_un_appartement_S1_au_1_er_tage/
S+2 en location,2500DT,Inconnu,https://www.tayara.tn/item/67b611e20b5f1b553000ccf2/Appartements/Sousse/Khzema/S2_en_location/
S+2 en vente,260000DT,Inconnu,https://www.tayara.tn/item/67c083b3bf049e957eb1a6d7/Appartements/Sousse/Khzema/S2_en_vente/
VILLA A VENDRE MSAKEN NEUF HAUTE STANDING LUXE,Non spÃ©cifiÃ©,Inconnu,https://www.tayara.tn/item/67d6e0eafd1c6385be365808/Maisons%20et%20Villas/Sousse/M_Saken/VILLA_A_VENDRE_MSAKEN_NEUF_HAUTE_STANDING_LUXE/
Ã  Louer un Penthouse au Jardin De Carthage,5000DT,Inconnu,https://www.tayara.tn/item/67c6c7cf93928ac5bc163265/Appartements/Tunis/Jardins_De_Carthage/_Louer_un_Penthouse_au_Jardin_De_Carthage/
Ã  louer un appartement s2 Ã  citÃ© Bhar Lazreg,1300DT,Inconnu,https://www.tayara.tn/item/67d0176aefd14d3d051efdfd/Appartements/Tunis/Sidi_Bou_Said/_louer_un_appartement_s2_cit_Bhar_Lazreg/
A vendre un appartement S+2 au 4Ã©me Ã©tage,429000DT,Inconnu,https://www.tayara.tn/item/67d417ebca3467b14e641f93/Immobilier%20Neuf/Sousse/Chatt_mariem/A_vendre_un_appartement_S2_au_4me_tage/
A vendre un appartement S+2 au 2Ã©me Ã©tage,439000DT,Inconnu,https://www.tayara.tn/item/67d414d8ca3467b14e641a50/Immobilier%20Neuf/Sousse/Chatt_mariem/A_vendre_un_appartement_S2_au_2me_tage/
A vendre un appartement S+1 au RDC,366000DT,Inconnu,https://www.tayara.tn/item/67d2e3adefd14d3d0520ad4c/Immobilier%20Neuf/Sousse/Chatt_mariem/A_vendre_un_appartement_S1_au_RDC/
A vendre un appartement S+2 au RDC,420000DT,Inconnu,https://www.tayara.tn/item/67d016cbc68ce6b5539b7b82/Immobilier%20Neuf/Sousse/Sahloul/A_vendre_un_appartement_S2_au_RDC/
Appartement S+2 avec place de parking au sous sol,240000DT,Inconnu,https://www.tayara.tn/item/67704504f39faeaa98c3daa8/Appartements/La_Manouba/Manouba_Ville/Appartement_S2_avec_place_de_parking_au_sous_sol_/
Ã€ Vendre S2 dans un Quartier Calme Ã  Sahloul,200000DT,Inconnu,https://www.tayara.tn/item/67dd5aaeca3467b14e69af78/Appartements/Sousse/Sahloul/_Vendre_S2_dans_un_Quartier_Calme_Sahloul/
Villa individuelle en location,3797DT,Inconnu,https://www.tayara.tn/item/67adfd9d0b5f1b5530fb93d2/Maisons%20et%20Villas/Ariana/La_Soukra/Villa_individuelle_en_location/
A vendre un appartement S+2 au 3Ã©me Ã©tage,395000DT,Inconnu,https://www.tayara.tn/item/67d0142befd14d3d051efb6e/Immobilier%20Neuf/Sousse/Sahloul/A_vendre_un_appartement_S2_au_3me_tage/
Appartement S1 meublÃ© CitÃ© El Wahat,1200DT,Inconnu,https://www.tayara.tn/item/678787bced6f33de58c2ede3/Appartements/Tunis/L_Aouina/Appartement_S1_meubl_Cit_El_Wahat/
A VENDRE,590000DT,Inconnu,https://www.tayara.tn/item/67d82c1dfd1c6385be373201/Terrains%20et%20Fermes/Ben_Arous/Boumhel/A_VENDRE/
A vendre un appartement S+1 au 2Ã©me Ã©tage,205000DT,Inconnu,https://www.tayara.tn/item/67d01164c68ce6b5539b7737/Immobilier%20Neuf/Sousse/Sahloul/A_vendre_un_appartement_S1_au_2me_tage/
A VENDRE,749998DT,Inconnu,https://www.tayara.tn/item/679bac48a487ea2259c1a17a/Maisons%20et%20Villas/Ben_Arous/Mornag/A_VENDRE/
A vendre un appartement S+2 au RDC,340000DT,Inconnu,https://www.tayara.tn/item/67d0031aefd14d3d051eec71/Immobilier%20Neuf/Sousse/Sahloul/A_vendre_un_appartement_S2_au_RDC_/
Une belle villa de coin Ã  Khzema,1050000DT,Inconnu,https://www.tayara.tn/item/6759fd5905a6a93866566c80/Maisons%20et%20Villas/Sousse/Khzema/Une_belle_villa_de_coin_Khzema_/
A vendre un appartement S+1 au 2Ã©me Ã©tage,300000DT,Inconnu,https://www.tayara.tn/item/67cb037a119f0ab09bd1cec3/Immobilier%20Neuf/Nabeul/Hammamet/A_vendre_un_appartement_S1_au_2me_tage/
A vendre un appartement S+2 au 4Ã©me Ã©tage,485000DT,Inconnu,https://www.tayara.tn/item/67cafd8093928ac5bc189384/Immobilier%20Neuf/Nabeul/Hammamet/A_vendre_un_appartement_S2_au_4me_tage/
"S+1 MeublÃ©, Les Jardins de Carthage",1700DT,Inconnu,https://www.tayara.tn/item/67d56cfcfd1c6385be35840a/Appartements/Tunis/Jardins_De_Carthage/S1_Meubl_Les_Jardins_de_Carthage/
A vendre un appartement S+2 au 2Ã©me Ã©tage,455000DT,Inconnu,https://www.tayara.tn/item/67caf72e93928ac5bc188ed6/Immobilier%20Neuf/Nabeul/Hammamet/A_vendre_un_appartement_S2_au_2me_tage/
Ø£Ø±Ø¶ Ø¨7Ù…Ù„Ø§ÙŠÙ† ÙÙ‚Ø· Ø¨Ø·Ø±ÙŠÙ‚ ØªÙˆÙ†Ø³ ÙƒÙ„Ù… 15,7000DT,Inconnu,https://www.tayara.tn/item/67b1101b86d5f7a45c1b739f/Terrains%20et%20Fermes/Sfax/Route_Tunis/_7_15/
A vendre un appartement S+3 au 4Ã©me Ã©tage,515000DT,Inconnu,https://www.tayara.tn/item/67caf42393928ac5bc188cdb/Immobilier%20Neuf/Nabeul/Hammamet/A_vendre_un_appartement_S3_au_4me_tage/
A vendre un appartement S+1 au 1Ã©re Ã©tage,285000DT,Inconnu,https://www.tayara.tn/item/67caebee93928ac5bc1886db/Immobilier%20Neuf/Nabeul/Hammamet/A_vendre_un_appartement_S1_au_1re_tage/
A VENDRE S+2 A AIN ZAGHOUANE,280000DT,Inconnu,https://www.tayara.tn/item/679796226286c24145776fc8/Appartements/Tunis/Ain_Zaghouen/A_VENDRE_S2_A_AIN_ZAGHOUANE/
A vendre un appartement S+1 au RDC,350000DT,Inconnu,https://www.tayara.tn/item/67cae4fb119f0ab09bd1b92d/Immobilier%20Neuf/Nabeul/Hammamet/A_vendre_un_appartement_S1_au_RDC/
A vendre 286 m terrain Ã  Ghrabi hammam Sousse proche de la poste,280000DT,Inconnu,https://www.tayara.tn/item/67dd4f67fd1c6385be3a1dac/Terrains%20et%20Fermes/Sousse/Hammam_Sousse/A_vendre_286_m_terrain_Ghrabi_hammam_Sousse_proche_de_la_poste/
Penthouse en S+4 Ã  louer,10000DT,Inconnu,https://www.tayara.tn/item/67ae0f2286d5f7a45c198e57/Appartements/Tunis/Lac_2/Penthouse_en_S4_louer_/
A VENDRE : appartement a AIN ZAGHOUEN,Non spÃ©cifiÃ©,Inconnu,https://www.tayara.tn/item/67dd4dfdca3467b14e69a638/Appartements/Tunis/Ain_Zaghouan_Nord/A_VENDRE_appartement_a_AIN_ZAGHOUEN_/
A vendre un appartement S+2 Ã  Ain Zaghouen,Non spÃ©cifiÃ©,Inconnu,https://www.tayara.tn/item/67d6acc5ca3467b14e65ba2e/Appartements/Tunis/Ain_Zaghouen/A_vendre_un_appartement_S2_Ain_Zaghouen_/
Appartement S+3,800DT,Inconnu,https://www.tayara.tn/item/67d08e87c68ce6b5539bc9fd/Appartements/Ben_Arous/El_Mourouj_5/Appartement_S3/
Une Villa de 415.74mÂ²,Non spÃ©cifiÃ©,Inconnu,https://www.tayara.tn/item/6724b83272ad847c9c328032/Immobilier%20Neuf/Ariana/Chotrana_1/Une_Villa_de_41574m/
Une Villa de 346.70mÂ²,Non spÃ©cifiÃ©,Inconnu,https://www.tayara.tn/item/6724b84e72ad847c9c328077/Immobilier%20Neuf/Ariana/Chotrana_1/Une_Villa_de_34670m/
S+2 en vente,410000DT,Inconnu,https://www.tayara.tn/item/6792683cc572f8fd2af72f2a/Appartements/Sousse/Khzema/S2_en_vente/
S+2 en vente,375000DT,Inconnu,https://www.tayara.tn/item/6792667e9bffab23b80f5310/Appartements/Sousse/Khzema/S2_en_vente/
Une Villa de 367.64mÂ²,Non spÃ©cifiÃ©,Inconnu,https://www.tayara.tn/item/6724e2ba72ad847c9c32d0dc/Immobilier%20Neuf/Ariana/Chotrana_1/Une_Villa_de_36764m/
S+2 En Vente,275000DT,Inconnu,https://www.tayara.tn/item/67ae28210b5f1b5530fbbad3/Appartements/Sousse/Khzema/S2_En_Vente/
Une Villa de 514.32mÂ²,Non spÃ©cifiÃ©,Inconnu,https://www.tayara.tn/item/6724eb2172ad847c9c32e2e9/Immobilier%20Neuf/Ariana/Chotrana_1/Une_Villa_de_51432m/
Une Villa de 354.07mÂ²,Non spÃ©cifiÃ©,Inconnu,https://www.tayara.tn/item/6729d180981bc29b644518f9/Immobilier%20Neuf/Ariana/Chotrana_1/Une_Villa_de_35407m/
A vendre un Local Commercial de 58.09mÂ²,Non spÃ©cifiÃ©,Inconnu,https://www.tayara.tn/item/672360d07453b1828b30739a/Immobilier%20Neuf/Tunis/Jardins_De_Carthage/A_vendre_un_Local_Commercial_de_5809m/
Terrain a vendre (reduction 50 %) Hammamet sud 22 009 303,22000DT,Inconnu,https://www.tayara.tn/item/67d53bb4fd1c6385be35609b/Terrains%20et%20Fermes/Nabeul/Hammamet/Terrain_a_vendre_reduction_50_Hammamet_sud_22_009_303_/
ğğ¨ğ«ğ¬ğœğ¡ğ ğ‚ğšğ²ğğ§ğ§ğ ğ‚ğ¨ğ®ğ©ğÌ ğˆğˆğˆ ğŸ‘.ğŸğ‹,1111DT,Inconnu,https://www.tayara.tn/item/66bc8ccad0aad51c75f2d8fa/Voitures/Tunis/L_Aouina/_/
Un S+3 de 138.92mÂ² au 3Ã©me Ã©tage,Non spÃ©cifiÃ©,Inconnu,https://www.tayara.tn/item/672390c11d151770b12e2ba7/Immobilier%20Neuf/Sousse/Sahloul/Un_S3_de_13892m_au_3me_tage/
DUPLEX : S+2 de 108.86mÂ² au 9Ã©me Ã©tage,Non spÃ©cifiÃ©,Inconnu,https://www.tayara.tn/item/672394507453b1828b30ace8/Immobilier%20Neuf/Sousse/Sahloul/DUPLEX_S2_de_10886m_au_9me_tage/
A vendre un Local Commercial de 83.85mÂ²,Non spÃ©cifiÃ©,Inconnu,https://www.tayara.tn/item/67239beb1d151770b12e373c/Immobilier%20Neuf/Sousse/Sahloul/A_vendre_un_Local_Commercial_de_8385m/
A vendre un bureau de 138.96mÂ² au RDC,Non spÃ©cifiÃ©,Inconnu,https://www.tayara.tn/item/6723a4877453b1828b30bde3/Immobilier%20Neuf/Sousse/Sahloul/A_vendre_un_bureau_de_13896m_au_RDC/
Studio Ã  Port marina El Kantaoui,235000DT,Inconnu,https://www.tayara.tn/item/67ae17940b5f1b5530fbacc0/Appartements/Sousse/Kantaoui/Studio_Port_marina_El_Kantaoui/
ğŸ“£ OpportunitÃ© : Immeuble R+6 avec CafÃ©-Restaurant Actif Ã  Messadine ğŸ“£,Non spÃ©cifiÃ©,Inconnu,https://www.tayara.tn/item/6761b350f39faeaa98bbaae9/Maisons%20et%20Villas/Sousse/M_Saken/_Opportunit_Immeuble_R6_avec_CafRestaurant_Actif_Messadine_/
A louer S+2 meublÃ© Ã  Ennasr,1700DT,Inconnu,https://www.tayara.tn/item/67c303bb119f0ab09bcdc158/Appartements/Ariana/Cit_Ennasr_2/A_louer_S2_meubl_Ennasr_/
A vendre s+3 Ã  Ennasr,425000DT,Inconnu,https://www.tayara.tn/item/67c1c67f93928ac5bc13fd79/Appartements/Ariana/Cit_Ennasr_2/A_vendre_s3_Ennasr_/
vente alfa 147,19000DT,Inconnu,https://www.tayara.tn/item/678b88669bffab23b809698c/Voitures/Tunis/Le_Kram/vente_alfa_147_/
vente s+2 Diar Ben Mahmoud Agba,120000DT,Inconnu,https://www.tayara.tn/item/67bee0fdbf049e957eb0a440/Appartements/Tunis/Agba/vente_s2_Diar_Ben_Mahmoud_Agba/
vente appartement s+2 1er Ã©tage kram plage,205000DT,Inconnu,https://www.tayara.tn/item/66bf31b392d9e2cb542f38d8/Appartements/Tunis/Le_Kram/vente_appartement_s2_1er_tage_kram_plage/
Mercedes GLC 300 CoupÃ© 4 Matic 2021 kit amg Ã©dition hybride rechargeable plug in,242000DT,Inconnu,https://www.tayara.tn/item/6784cbbced6f33de58c10f2c/Voitures/Tunis/Sidi_Daoud/_Mercedes_GLC_300_Coup_4_Matic_2021_kit_amg_dition_hybride_rechargeable_plug_in_/
"Appart S+3 Ã  Vendre El Aagba, Tunis",Non spÃ©cifiÃ©,Inconnu,https://www.tayara.tn/item/674843cf0d8480a1e019504a/Appartements/Tunis/Agba/Appart_S3_Vendre_El_Aagba_Tunis/
A vendre un appartement en S+3 de 168mÂ² Ã  Ennasr,380000DT,Inconnu,https://www.tayara.tn/item/67af071a0b5f1b5530fc271d/Appartements/Ariana/Ennasr/A_vendre_un_appartement_en_S3_de_168m_Ennasr_/
A vendre un appartement en S+2 de 138mÂ² Ã  Ennasr,370000DT,Inconnu,https://www.tayara.tn/item/67b9ba80bf049e957ead6717/Appartements/Ariana/Ennasr/A_vendre_un_appartement_en_S2_de_138m_Ennasr_/
A vendre un appartement en S+2 de 120mÂ² Ã  Ennasr1,230000DT,Inconnu,https://www.tayara.tn/item/67b849cdbf049e957eabe007/Appartements/Ariana/Ennasr/A_vendre_un_appartement_en_S2_de_120m_Ennasr1/
villa jumelÃ©e Ã  rÃ©nover a vendre emplacement stratÃ©gique citÃ© riadh kÃ©libia,495000DT,Inconnu,https://www.tayara.tn/item/67c57cb8119f0ab09bcec5e7/Maisons%20et%20Villas/Nabeul/Klibia/villa_jumele_rnover_a_vendre_emplacement_stratgique_cit_riadh_klibia_/
A vendre un appartement en S+4 de 177mÂ² Ã  Ennasr,380000DT,Inconnu,https://www.tayara.tn/item/675c4dadf39faeaa98b85c11/Appartements/Ariana/Ennasr/A_vendre_un_appartement_en_S4_de_177m_Ennasr_/
"Immeuble semi-inachevÃ© Ã  Chraf, Ã  2 pas de la mer",400000DT,Inconnu,https://www.tayara.tn/item/673866a90d8480a1e00fae87/Autres%20Immobiliers/Monastir/Bekalta/Immeuble_semiinachev_Chraf_2_pas_de_la_mer/
ğŸ¡ Ã€ Vendre : Villa S+4 de 400mÂ² Ã  La Soukra ğŸŒ³,Non spÃ©cifiÃ©,Inconnu,https://www.tayara.tn/item/67dd2b5efd1c6385be3a0080/Maisons%20et%20Villas/Ariana/La_Soukra/_Vendre_Villa_S4_de_400m_La_Soukra_/
Ã€ louer villa Ã  la corniche de Bizerte,1200DT,Inconnu,https://www.tayara.tn/item/67a0f21a6286c241457d3991/Maisons%20et%20Villas/Bizerte/Bizerte_Nord/_louer_villa_la_corniche_de_Bizerte_/
Appartement S+1 Ain citÃ© Wahat Zaghouan,240000DT,Inconnu,https://www.tayara.tn/item/675018b40d8480a1e01c8c52/Appartements/Tunis/Ain_Zaghouen/Appartement_S1_Ain_cit_Wahat_Zaghouan/
Vente deux Terrains Ã  la soukra,Non spÃ©cifiÃ©,Inconnu,https://www.tayara.tn/item/6733120d0d8480a1e00c320e/Terrains%20et%20Fermes/Ariana/La_Soukra/Vente_deux_Terrains_la_soukra/
Vente Appartement S+2 Borj Louzir,110000DT,Inconnu,https://www.tayara.tn/item/673312e43c20a99fb54de3f8/Appartements/Ariana/Borj_Louzir/Vente_Appartement_S2_Borj_Louzir_/
Location Etage de villa S+3 aux Jardins de Laouina,Non spÃ©cifiÃ©,Inconnu,https://www.tayara.tn/item/6735d17f0d8480a1e00e1512/Appartements/Tunis/L_Aouina/Location_Etage_de_villa_S3_aux_Jardins_de_Laouina/
Vente appartement S+4 Ã  L' Aouina,425000DT,Inconnu,https://www.tayara.tn/item/67cec4c5c68ce6b5539ab1fe/Appartements/Tunis/L_Aouina/Vente_appartement_S4_L_Aouina_/
Vente un grand appartement S+4,320000DT,Inconnu,https://www.tayara.tn/item/67d016cec68ce6b5539b7b86/Appartements/Tunis/La_Marsa/Vente_un_grand_appartement_S4/
Vente Appartement S+2 Ã  l'Aouina,230000DT,Inconnu,https://www.tayara.tn/item/67d343f3c68ce6b5539d63ce/Appartements/Tunis/L_Aouina/Vente_Appartement_S2_lAouina/
Vente Appartement S+2 Ã  Soukra rue du Parc,375000DT,Inconnu,https://www.tayara.tn/item/67d34b6bc68ce6b5539d6a87/Appartements/Ariana/La_Soukra/Vente_Appartement_S2_Soukra_rue_du_Parc/
S+2 en Vente,250000DT,Inconnu,https://www.tayara.tn/item/678277da7041684afebee0c5/Appartements/Ariana/La_Soukra/S2_en_Vente_/
Appartement S+3 en Vente Ã  Chotrana 1,490000DT,Inconnu,https://www.tayara.tn/item/6797b9afa487ea2259bf1398/Appartements/Ariana/Chotrana_1/Appartement_S3_en_Vente_Chotrana_1/
S+3 en vente,235000DT,Inconnu,https://www.tayara.tn/item/6780dbd27041684afebd9044/Appartements/Mahdia/Mahdia/S3_en_vente/
OpportunitÃ© d'investissement Ã  Louis Braille,Non spÃ©cifiÃ©,Inconnu,https://www.tayara.tn/item/67c02259af2813f8075b50f3/Autres%20Immobiliers/Tunis/Tunis_Belvedere/Opportunit_dinvestissement_Louis_Braille/
Vente lot de terrain,Non spÃ©cifiÃ©,Inconnu,https://www.tayara.tn/item/67d01437efd14d3d051efb7f/Terrains%20et%20Fermes/Ben_Arous/Boumhel/Vente_lot_de_terrain_/
âœ… ÙÌ³Ø±Ì³ØµÌ³Ø©Ì³ : Ø£Ø±Ø¶ Ù„Ù„Ø¨ÙŠØ¹ ÙÙŠ ÙÙŠ ÙŠØ§Ø³Ù…ÙŠÙ† Ø§Ù„Ø­Ù…Ø§Ù…Ø§Øª ğŸ˜,95000DT,Inconnu,https://www.tayara.tn/item/67cc01c6119f0ab09bd244c6/Terrains%20et%20Fermes/Nabeul/Hammamet/_/
AOUINA FOND DE COMMERCE,53000DT,Inconnu,https://www.tayara.tn/item/66d87ba4e2f0c13af83bd48a/Magasins%2C%20Commerces%20et%20Locaux%20industriels/Tunis/L_Aouina/AOUINA_FOND_DE_COMMERCE/
Ø£Ø±Ø¶ Ù„Ù„Ø¨ÙŠØ¹ Ù…300 Ø±Ù…ÙŠÙ„Ø© Ø´Ø· Ù…Ø±ÙŠÙ… Ù…Ø¹ Ù…Ù†Ø¸Ø± Ø¬Ù…ÙŠÙ„ Ù…Ø·Ù„ Ø¹Ù„Ù‰ Ù…ÙˆÙ„,48000DT,Inconnu,https://www.tayara.tn/item/677e3fdef39faeaa98cbf509/Terrains%20et%20Fermes/Sousse/Kala_Kebira/_300_/
terrain vue mer Ã  Rmila Chatt Meriem 1600 m,384000DT,Inconnu,https://www.tayara.tn/item/6797b6e0a487ea2259bf1191/Terrains%20et%20Fermes/Sousse/Chatt_mariem/terrain_vue_mer_Rmila_Chatt_Meriem_1600_m_/
APPARTEMENT A VENDRE S+2 A AIN ZAGHOUAN,395000DT,Inconnu,https://www.tayara.tn/item/67c2ecda119f0ab09bcdb631/Appartements/Tunis/Ain_Zaghouen/APPARTEMENT_A_VENDRE_S2_A_AIN_ZAGHOUAN_/
appartement s1 meublÃ©,1100DT,Inconnu,https://www.tayara.tn/item/67dc21e2ca3467b14e68fe6a/Appartements/Sousse/Sousse_corniche/appartement_s1_meubl_/
Villa IndÃ©pendante,640000DT,Inconnu,https://www.tayara.tn/item/679de7c56286c241457b528a/Maisons%20et%20Villas/Mahdia/Autres_Villes/Villa_Indpendante_/
Ford Fusion 2016 1ere Main,45000DT,Inconnu,https://www.tayara.tn/item/67d3635befd14d3d05210475/Voitures/Ariana/Ariana/Ford_Fusion_2016_1ere_Main/
Audi A3,35000DT,Inconnu,https://www.tayara.tn/item/67daea14fd1c6385be38cf60/Voitures/Tunis/El_Manar_2/Audi_A3/
Ã€ vendre appartement S+3 Ã  riadh landalous,460000DT,Inconnu,https://www.tayara.tn/item/67d7cb8afd1c6385be36ddcc/Appartements/Ariana/Riadh_Andalous/_vendre_appartement_S3_riadh_landalous/
Maison a vendre,138000DT,Inconnu,https://www.tayara.tn/item/67da952fca3467b14e68175b/Maisons%20et%20Villas/Mahdia/Autres_Villes/Maison_a_vendre_/
Ã  vendre Suzuki Swift Bleu,42000DT,Inconnu,https://www.tayara.tn/item/67dbda91ca3467b14e68ccf5/Voitures/Ben_Arous/El_Mourouj/_vendre_Suzuki_Swift_Bleu/
Villa indÃ©pendante,555000DT,Inconnu,https://www.tayara.tn/item/67dbda78ca3467b14e68cce8/Maisons%20et%20Villas/Monastir/Sahline/Villa_indpendante_/
bureau Ã  louer,850DT,Inconnu,https://www.tayara.tn/item/67bdc3ecaf2813f80759fba5/Bureaux%20et%20Plateaux/Sousse/Sousse_corniche/bureau_louer_/
bureau Ã  louer,950DT,Inconnu,https://www.tayara.tn/item/67bdc142af2813f80759f880/Bureaux%20et%20Plateaux/Sousse/Sousse_corniche/bureau_louer_/
appartement meublÃ© Ã  louer,1600DT,Inconnu,https://www.tayara.tn/item/67bde893af2813f8075a1e9d/Bureaux%20et%20Plateaux/Sousse/Sousse_corniche/appartement_meubl_louer_/
A louer un spacieux s+2 meublÃ© dans la zone de panorama,1100DT,Inconnu,https://www.tayara.tn/item/67d14341c68ce6b5539c2032/Appartements/Sousse/Sousse_corniche/A_louer_un_spacieux_s2_meubl_dans_la_zone_de_panorama_/
Belle Villa S+4 Ã  Hammamet Ã  Vendre TÃ©l/whatsapp : 50499055,845000DT,Inconnu,https://www.tayara.tn/item/670d39a21cde9a414fa640c2/Maisons%20et%20Villas/Nabeul/Hammamet/Belle_Villa_S4_Hammamet_Vendre_Tlwhatsapp_50499055/
Une Villa de 355.20mÂ²,Non spÃ©cifiÃ©,Inconnu,https://www.tayara.tn/item/6724b0a272ad847c9c32705e/Immobilier%20Neuf/Ariana/Chotrana_1/Une_Villa_de_35520m/
Une Villa de 365.05mÂ²,Non spÃ©cifiÃ©,Inconnu,https://www.tayara.tn/item/6724b7c472ad847c9c327f75/Immobilier%20Neuf/Ariana/Chotrana_1/Une_Villa_de_36505m/
Une Villa de 355.20mÂ²,Non spÃ©cifiÃ©,Inconnu,https://www.tayara.tn/item/6724b84372ad847c9c32805a/Immobilier%20Neuf/Ariana/Chotrana_1/Une_Villa_de_35520m/
Une Villa de 515.50mÂ²,Non spÃ©cifiÃ©,Inconnu,https://www.tayara.tn/item/6724b9a872ad847c9c32833a/Immobilier%20Neuf/Ariana/Chotrana_1/Une_Villa_de_51550m/
Une Villa de 367.64mÂ²,Non spÃ©cifiÃ©,Inconnu,https://www.tayara.tn/item/6724e8a272ad847c9c32dd42/Immobilier%20Neuf/Ariana/Chotrana_1/Une_Villa_de_36764m/
Une Villa de 365.05mÂ²,Non spÃ©cifiÃ©,Inconnu,https://www.tayara.tn/item/6724ef2a72ad847c9c32ebeb/Immobilier%20Neuf/Ariana/Chotrana_1/Une_Villa_de_36505m/
Une Villa de 346.52mÂ²,Non spÃ©cifiÃ©,Inconnu,https://www.tayara.tn/item/6724f28972ad847c9c32f23e/Immobilier%20Neuf/Ariana/Chotrana_1/Une_Villa_de_34652m/
Une Villa de 339.07mÂ²,Non spÃ©cifiÃ©,Inconnu,https://www.tayara.tn/item/6724f3cb72ad847c9c32f4e0/Immobilier%20Neuf/Ariana/Chotrana_1/Une_Villa_de_33907m/
Un S+2 de 118.45mÂ² au 4Ã©me Ã©tage,Non spÃ©cifiÃ©,Inconnu,https://www.tayara.tn/item/67238fdb7453b1828b30a88a/Immobilier%20Neuf/Sousse/Sahloul/Un_S2_de_11845m_au_4me_tage/
Un S+2 de 118.45mÂ² au 1er Ã©tage,Non spÃ©cifiÃ©,Inconnu,https://www.tayara.tn/item/6723921a7453b1828b30aa96/Immobilier%20Neuf/Sousse/Sahloul/Un_S2_de_11845m_au_1er_tage/
Un S+3 de 139.86mÂ² au 1er Ã©tage,Non spÃ©cifiÃ©,Inconnu,https://www.tayara.tn/item/6723992f7453b1828b30b228/Immobilier%20Neuf/Sousse/Sahloul/Un_S3_de_13986m_au_1er_tage/
"A vendre un bureau de 118,21mÂ² au RDC",Non spÃ©cifiÃ©,Inconnu,https://www.tayara.tn/item/6723a2c71d151770b12e3e12/Immobilier%20Neuf/Sousse/Sahloul/A_vendre_un_bureau_de_11821m_au_RDC/
A louer une villa s4 avec piscine Ã  Ain Zaghouan,5000DT,Inconnu,https://www.tayara.tn/item/67d02b8defd14d3d051f0fd0/Maisons%20et%20Villas/Tunis/Ain_Zaghouen/A_louer_une_villa_s4_avec_piscine_Ain_Zaghouan_/
Villa Ã  vendre,1300000DT,Inconnu,https://www.tayara.tn/item/674dbacf0d8480a1e01b9b52/Maisons%20et%20Villas/Sousse/Kala_Kebira/Villa_vendre_/
Immeuble Ã  vendre,830000DT,Inconnu,https://www.tayara.tn/item/678a71d47041684afec53b21/Appartements/Sousse/Akouda/Immeuble_vendre_/
Terrain agricole Ã  vendre Sidi Bouali,148000DT,Inconnu,https://www.tayara.tn/item/6766bfceb7de28167ec38a9c/Terrains%20et%20Fermes/Sousse/Sidi_Bou_Ali/Terrain_agricole_vendre_Sidi_Bouali_/
Terrain Ã  vendre,175000DT,Inconnu,https://www.tayara.tn/item/67a4cfedecbb2843cb427e66/Terrains%20et%20Fermes/Sousse/Akouda/Terrain_vendre_/
citernes alimentaires,480DT,Inconnu,https://www.tayara.tn/item/6786cebaed6f33de58c2a536/Jardins%20et%20Outils%20de%20bricolage/Ben_Arous/Mgrine/citernes_alimentaires_/
"Ã€ Vendre â€“ Maison s+4 Plain-Pied Ã  La Soukra, Tunis",530000DT,Inconnu,https://www.tayara.tn/item/67c8da7393928ac5bc176a00/Maisons%20et%20Villas/Ariana/La_Soukra/_Vendre_Maison_s4_PlainPied_La_Soukra_Tunis/
Maison qui fait le coin,157000DT,Inconnu,https://www.tayara.tn/item/67bddf05af2813f8075a152d/Maisons%20et%20Villas/Sousse/Sousse/Maison_qui_fait_le_coin_/
S+2 au 1er Ã©tage,135000DT,Inconnu,https://www.tayara.tn/item/67c048acaf2813f8075b6fc6/Appartements/Sousse/Sousse/S2_au_1er_tage_/
A vendre un appartement S+2 au 4Ã©me Ã©tage,456000DT,Inconnu,https://www.tayara.tn/item/67d7d45cfd1c6385be36e30f/Immobilier%20Neuf/Sousse/Chatt_mariem/A_vendre_un_appartement_S2_au_4me_tage/
A vendre un appartement S+2 au 1 er Ã©tage,401000DT,Inconnu,https://www.tayara.tn/item/67d7cee7ca3467b14e66692b/Immobilier%20Neuf/Sousse/Chatt_mariem/A_vendre_un_appartement_S2_au_1_er_tage/
Villa jumelÃ©e VUE DE MER composÃ© de deux duplex A VENDRE,550000DT,Inconnu,https://www.tayara.tn/item/679cf1526286c241457addbf/Maisons%20et%20Villas/Nabeul/Klibia/Villa_jumele_VUE_DE_MER_compos_de_deux_duplex_A_VENDRE_/
A vendre un appartement S+2 au 2Ã©me Ã©tage,415000DT,Inconnu,https://www.tayara.tn/item/67d422feca3467b14e642e78/Immobilier%20Neuf/Sousse/Chatt_mariem/A_vendre_un_appartement_S2_au_2me_tage/
A vendre un appartement S+2 au RDC,466000DT,Inconnu,https://www.tayara.tn/item/67d42010ca3467b14e642a9d/Immobilier%20Neuf/Sousse/Chatt_mariem/A_vendre_un_appartement_S2_au_RDC/
A louer une villa avec piscine Ã  soukra,4000DT,Inconnu,https://www.tayara.tn/item/67daad76ca3467b14e682cdd/Maisons%20et%20Villas/Ariana/La_Soukra/A_louer_une_villa_avec_piscine_soukra/
Maison style arabesque au Centre ville,375000DT,Inconnu,https://www.tayara.tn/item/67d97871fd1c6385be37f64d/Maisons%20et%20Villas/Monastir/Monastir/Maison_style_arabesque_au_Centre_ville/
Appartement S+3 â€“ 5Ã¨me Ã©tage avec ascenseur,210000DT,Inconnu,https://www.tayara.tn/item/67cff92bc68ce6b5539b6236/Appartements/Sousse/Sousse_Jawhara/Appartement_S3_5me_tage_avec_ascenseur/
ğŸ  Ã€ Vendre : Villa S+4 Ã  l'Aouina ğŸŒŸ,Non spÃ©cifiÃ©,Inconnu,https://www.tayara.tn/item/67da9665fd1c6385be388f3d/Maisons%20et%20Villas/Tunis/L_Aouina/_Vendre_Villa_S4_lAouina_/
A vendre un appartement S+2 au 2Ã©me Ã©tage,527000DT,Inconnu,https://www.tayara.tn/item/67d41a49ca3467b14e642312/Immobilier%20Neuf/Sousse/Chatt_mariem/A_vendre_un_appartement_S2_au_2me_tage/
A vendre un appartement S+1 au 5 Ã©me Ã©tage,296000DT,Inconnu,https://www.tayara.tn/item/67d41689ca3467b14e641d48/Immobilier%20Neuf/Sousse/Chatt_mariem/A_vendre_un_appartement_S1_au_5_me_tage/
A vendre un appartement S+2 au 1 er Ã©tage,429000DT,Inconnu,https://www.tayara.tn/item/67d2e51ec68ce6b5539d2afa/Immobilier%20Neuf/Sousse/Chatt_mariem/A_vendre_un_appartement_S2_au_1_er_tage/
A vendre un appartement S+1 au 6 Ã©me Ã©tage,250000DT,Inconnu,https://www.tayara.tn/item/67d01cbbefd14d3d051f0294/Immobilier%20Neuf/Sousse/Sahloul/A_vendre_un_appartement_S1_au_6_me_tage/
A vendre un appartement S+2 au 3 Ã©me Ã©tage,370000DT,Inconnu,https://www.tayara.tn/item/67d019f7c68ce6b5539b7e5b/Immobilier%20Neuf/Sousse/Sahloul/A_vendre_un_appartement_S2_au_3_me_tage/
A vendre un appartement S+3 au 1er Etage,455000DT,Inconnu,https://www.tayara.tn/item/67d01854efd14d3d051efeb7/Immobilier%20Neuf/Sousse/Sahloul/A_vendre_un_appartement_S3_au_1er_Etage/
A vendre un appartement S+3 au 5Ã©me Ã©tage,455000DT,Inconnu,https://www.tayara.tn/item/67d0157cefd14d3d051efc81/Immobilier%20Neuf/Sousse/Sahloul/A_vendre_un_appartement_S3_au_5me_tage/
A vendre un appartement en S+3 de 163mÂ² Ã  Ennasr,410000DT,Inconnu,https://www.tayara.tn/item/67b9bbf5bf049e957ead68e3/Appartements/Ariana/Ennasr/A_vendre_un_appartement_en_S3_de_163m_Ennasr/
A vendre un appartement S+2 au 2Ã©me Ã©tage,415000DT,Inconnu,https://www.tayara.tn/item/67d0126ac68ce6b5539b7819/Immobilier%20Neuf/Sousse/Sahloul/A_vendre_un_appartement_S2_au_2me_tage/
A vendre un appartement S+1 au RDC,520000DT,Inconnu,https://www.tayara.tn/item/67d0102dc68ce6b5539b761e/Immobilier%20Neuf/Sousse/Sahloul/A_vendre_un_appartement_S1_au_RDC/
TERRAIN A MAAMOURA PLAGE,120DT,Inconnu,https://www.tayara.tn/item/67d9290afd1c6385be37b495/Terrains%20et%20Fermes/Nabeul/Bni_Khiar/TERRAIN_A_MAAMOURA_PLAGE_/
Maamoura Plage loue Villa Sialla ete 2025,5000DT,Inconnu,https://www.tayara.tn/item/67da8a22fd1c6385be388558/Maisons%20et%20Villas/Nabeul/Bni_Khiar/Maamoura_Plage_loue_Villa_Sialla_ete_2025/
A vendre un appartement S+1 au 3Ã©me Ã©tage,295000DT,Inconnu,https://www.tayara.tn/item/67cb009f93928ac5bc1895a0/Immobilier%20Neuf/Nabeul/Hammamet/A_vendre_un_appartement_S1_au_3me_tage/
A vendre un appartement S+3 au 3Ã©me Ã©tage,545000DT,Inconnu,https://www.tayara.tn/item/67cafaa3119f0ab09bd1c8f0/Immobilier%20Neuf/Nabeul/Hammamet/A_vendre_un_appartement_S3_au_3me_tage/
A vendre un appartement S+1 au 2Ã©me Ã©tage,290000DT,Inconnu,https://www.tayara.tn/item/67caf5a3119f0ab09bd1c570/Immobilier%20Neuf/Nabeul/Hammamet/A_vendre_un_appartement_S1_au_2me_tage/
A vendre un appartement S+2 au 1Ã©re Ã©tage,450000DT,Inconnu,https://www.tayara.tn/item/67caeea0119f0ab09bd1c094/Immobilier%20Neuf/Nabeul/Hammamet/A_vendre_un_appartement_S2_au_1re_tage/
A vendre un appartement S+2 au RDC,485000DT,Inconnu,https://www.tayara.tn/item/67caeae993928ac5bc18860e/Immobilier%20Neuf/Nabeul/Hammamet/A_vendre_un_appartement_S2_au_RDC/
Villa individuelle en vente Ã  Borj Louzir,530000DT,Inconnu,https://www.tayara.tn/item/67bf320cbf049e957eb0ea53/Maisons%20et%20Villas/Ariana/Borj_Louzir/Villa_individuelle_en_vente_Borj_Louzir_/
S+1 en Vente,285000DT,Inconnu,https://www.tayara.tn/item/67587bde8729cead59ea6e5b/Appartements/Ariana/Chotrana_1/S1_en_Vente/
Ã€ louer Un S+2 Ã  1000 DT !!,1000DT,Inconnu,https://www.tayara.tn/item/67c71148119f0ab09bcfa207/Appartements/Tunis/La_Marsa/_louer_Un_S2_1000_DT_/
Ã€ vendre Un rez-de-chaussÃ©e de villa au cÅ“ur de La Marsa Ville !!,570000DT,Inconnu,https://www.tayara.tn/item/67c7127593928ac5bc166bbf/Maisons%20et%20Villas/Tunis/La_Marsa/_vendre_Un_rezdechausse_de_villa_au_cur_de_La_Marsa_Ville_/
Appartement S+3 Vide A La Marsa,2200DT,Inconnu,https://www.tayara.tn/item/67af0b1786d5f7a45c1a1424/Appartements/Tunis/La_Marsa/Appartement_S3_Vide_A_La_Marsa/
Ã€ vendre Appartement au rez-de-chaussÃ©e Ã  La Marsa Jamais habitÃ© !!,195000DT,Inconnu,https://www.tayara.tn/item/67d04869efd14d3d051f2741/Appartements/Tunis/La_Marsa/_vendre_Appartement_au_rezdechausse_La_Marsa_Jamais_habit_/
308 gt,60DT,Inconnu,https://www.tayara.tn/item/67da7afffd1c6385be3879dd/Voitures/Sousse/Kala_Sghira/308_gt/
S+3 a louer avec une vue partielle sur mer Ã  la marsa plage,4000DT,Inconnu,https://www.tayara.tn/item/67da13f8fd1c6385be3856f8/Appartements/Tunis/La_Marsa/S3_a_louer_avec_une_vue_partielle_sur_mer_la_marsa_plage_/
A vendre appartement vue mer s+2 Ã  hammam Sousse Ã  cote restaurant le QG,260000DT,Inconnu,https://www.tayara.tn/item/674850cb3c20a99fb55b0817/Appartements/Sousse/Hammam_Sousse/A_vendreappartement_vue_mer_s2_hammam_Sousse_cote_restaurant_le_QG_/
A vendre des appartements haut standing; S+2 ; S+3 En cours de construction Ã  sahloul 4. prix 2800 dt / mÂ²,Non spÃ©cifiÃ©,Inconnu,https://www.tayara.tn/item/674826040d8480a1e01935bd/Appartements/Sousse/Sahloul/A_vendre_des_appartements_haut_standing_S2_S3_En_cours_de_construction_sahloul_4_prix_2800_dt_m/
Ø§Ø±Ø¶ Ù„Ù„Ø¨ÙŠØ¹ terrain Ã  vendre,Non spÃ©cifiÃ©,Inconnu,https://www.tayara.tn/item/67d9e121fd1c6385be383382/Terrains%20et%20Fermes/Sfax/Route_GREMDA/_terrain_vendre_/
A vendre un appartement S+1 au 1 er Ã©tage,427000DT,Inconnu,https://www.tayara.tn/item/67d41e78ca3467b14e6428a4/Immobilier%20Neuf/Sousse/Chatt_mariem/A_vendre_un_appartement_S1_au_1_er_tage/
Ford Fiesta premiÃ¨re main annÃ©e 2020,40500DT,Inconnu,https://www.tayara.tn/item/67d1afc0c68ce6b5539c7470/Voitures/Ariana/La_Soukra/Ford_Fiesta_premire_main_anne_2020/
Terrain a Vendre,186.5500030517578DT,Inconnu,https://www.tayara.tn/item/67c09935af2813f8075baba3/Terrains%20et%20Fermes/Mahdia/Autres_Villes/Terrain_a_Vendre_/
Apartement a Vendre,265000DT,Inconnu,https://www.tayara.tn/item/67b9b848af2813f807575bf4/Appartements/Mahdia/Autres_Villes/Apartement_a_Vendre_/
S+1 MEUBLE A LOUER A AIN ZAGHOUAN,1300DT,Inconnu,https://www.tayara.tn/item/67c0398ebf049e957eb16d58/Appartements/Tunis/Ain_Zaghouen/S1_MEUBLE_A_LOUER_A_AIN_ZAGHOUAN/
MG GT,35500DT,Inconnu,https://www.tayara.tn/item/67d972c5ca3467b14e677b54/Voitures/Tunis/Le_Bardo/MG_GT/
Local commercial de 90 mÂ² au Kram,998DT,Inconnu,https://www.tayara.tn/item/67d9707dfd1c6385be37f062/Magasins%2C%20Commerces%20et%20Locaux%20industriels/Tunis/Le_Kram/Local_commercial_de_90_m_au_Kram/
ford ranger,17800DT,Inconnu,https://www.tayara.tn/item/67c588e593928ac5bc1597fe/Camions/Kairouan/El_Ala/ford_ranger_/
A vendre Triplex Haut Standing Ã  Gammarth,1390000DT,Inconnu,https://www.tayara.tn/item/679d3df3a487ea2259c29eea/Maisons%20et%20Villas/Tunis/Gammarth/A_vendre_Triplex_Haut_Standing_Gammarth/
BNW R1250 RT,98000DT,Inconnu,https://www.tayara.tn/item/67d813d9fd1c6385be371c73/Motos/Tunis/Ain_Zaghouen/BNW_R1250_RT_/
PORSCHE MACAN 2.0,295000DT,Inconnu,https://www.tayara.tn/item/67d8948bfd1c6385be377508/Voitures/Tunis/Ain_Zaghouen/PORSCHE_MACAN_20/
ğŸ¡ Villa Ã  vendre Ã  Ain Zaghouen ğŸŒŸ,Non spÃ©cifiÃ©,Inconnu,https://www.tayara.tn/item/67d95270fd1c6385be37d681/Maisons%20et%20Villas/Tunis/Ain_Zaghouen/_Villa_vendre_Ain_Zaghouen_/
Villa individuelle en vente Ã  El Menzah 7,1700000DT,Inconnu,https://www.tayara.tn/item/677bbf98b7de28167ecf5a8e/Maisons%20et%20Villas/Ariana/El_Menzah_7/Villa_individuelle_en_vente_El_Menzah_7/
Bureau en 3 espaces - 140mÂ²- Montplaisir- IFCM145,2900DT,Inconnu,https://www.tayara.tn/item/677fb285f39faeaa98ccf5dd/Bureaux%20et%20Plateaux/Tunis/Montplaisir/_Bureau_en_3_espaces_140m_Montplaisir_IFCM145/
A louer une villa avec piscine Ã  la Soukra,3800DT,Inconnu,https://www.tayara.tn/item/67d029ebefd14d3d051f0ea9/Maisons%20et%20Villas/Ariana/La_Soukra/A_louer_une_villa_avec_piscine_la_Soukra_/
Etage de Villa a Vendre,325000DT,Inconnu,https://www.tayara.tn/item/67bed9a4bf049e957eb09d75/Maisons%20et%20Villas/Mahdia/Autres_Villes/Etage_de_Villa_a_Vendre_/
Appartement a Vendre,199000DT,Inconnu,https://www.tayara.tn/item/67b9b7bbaf2813f807575b48/Appartements/Mahdia/Autres_Villes/Appartement_a_Vendre_/
Terrain commercial a vendre,675000DT,Inconnu,https://www.tayara.tn/item/67d938ecca3467b14e6748ab/Terrains%20et%20Fermes/Mahdia/Autres_Villes/Terrain_commercial_a_vendre_/
Terrain commercial vendre,730000DT,Inconnu,https://www.tayara.tn/item/67d9387fca3467b14e67484f/Terrains%20et%20Fermes/Mahdia/Autres_Villes/Terrain_commercial_vendre_/
Ã  louer un appartement s1 neuf Ã  Ain Zaghouan Nord,1300DT,Inconnu,https://www.tayara.tn/item/67bc39eeaf2813f80758f05f/Appartements/Tunis/Ain_Zaghouan_Nord/_louer_un_appartement_s1_neuf_Ain_Zaghouan_Nord/
"Salon Simili cuir 7 places, couleur Ã©cru",650DT,Inconnu,https://www.tayara.tn/item/67d7f1d9fd1c6385be36fb85/Meubles%20et%20D%C3%A9coration/Ariana/Ennasr/Salon_Simili_cuir_7_places_couleur_cru/
Appartement Neuf Ã  louer situÃ© Ã  Hammam Sousse,1100DT,Inconnu,https://www.tayara.tn/item/67c5720a93928ac5bc158729/Appartements/Sousse/Hammam_Sousse/Appartement_Neuf_louer_situ_Hammam_Sousse/
Appartement Haut Standing Ã  louer Ã  Hammam Sousse,1100DT,Inconnu,https://www.tayara.tn/item/67c56f3a119f0ab09bcebc7b/Appartements/Sousse/Hammam_Sousse/Appartement_Haut_Standing_louer_Hammam_Sousse/
hall +2 en location a el menzah 8.,900DT,Inconnu,https://www.tayara.tn/item/67c19f0e93928ac5bc13e105/Bureaux%20et%20Plateaux/Ariana/El_Menzah_8/hall_2_en_location_a_el_menzah_8/
Villa Ã  vendre,410000DT,Inconnu,https://www.tayara.tn/item/67c5924193928ac5bc159eeb/Maisons%20et%20Villas/Sousse/Kala_Kebira/Villa_vendre_/
Un bureau A+2 Ã  sahloul 1,165000DT,Inconnu,https://www.tayara.tn/item/67c5b35993928ac5bc15b76c/Bureaux%20et%20Plateaux/Sousse/Sahloul/Un_bureau_A2_sahloul_1_/
Une villa plain pied fait le coin,570000DT,Inconnu,https://www.tayara.tn/item/678f5f84c572f8fd2af518b7/Maisons%20et%20Villas/Sousse/Sahloul/Une_villa_plain_pied_fait_le_coin_/
"Un appartement S+3 Ã  louer, Ã  deux pas de la mer dans la zone touristique de Hammam Sousse",1200DT,Inconnu,https://www.tayara.tn/item/67c6c0f3119f0ab09bcf64a5/Appartements/Sousse/Hammam_Sousse/Un_appartement_S3_louer_deux_pas_de_la_mer_dans_la_zone_touristique_de_Hammam_Sousse/
A vendre S+3 au bord de la mer Ã  Hammam Sousse,350000DT,Inconnu,https://www.tayara.tn/item/67b45feb0b5f1b5530ff905c/Appartements/Sousse/Hammam_Sousse/A_vendre_S3_au_bord_de_la_mer_Hammam_Sousse/
A Louer S+3 Haut Standing,1900DT,Inconnu,https://www.tayara.tn/item/67cf8843efd14d3d051ebddc/Appartements/Tunis/El_Menzah_9/A_Louer_S3_Haut_Standing/
A louer S+2 au Jardin Carthage,2500DT,Inconnu,https://www.tayara.tn/item/67cf91b2c68ce6b5539b3e69/Appartements/Tunis/Jardins_De_Carthage/A_louer_S2_au_Jardin_Carthage_/
Galaxy S24 ultra neuf cachetÃ© jamais utilisÃ© RAM 12GB/256GB couleur Titanium Black,2950DT,Inconnu,https://www.tayara.tn/item/67d636c9fd1c6385be360641/T%C3%A9l%C3%A9phones/Monastir/Monastir/Galaxy_S24_ultra_neuf_cachet_jamais_utilis_RAM_12GB256GB_couleur_Titanium_Black/
machine a laver Candy 10kg,950DT,Inconnu,https://www.tayara.tn/item/67d75380fd1c6385be36a52c/Electrom%C3%A9nagers%20et%20Vaisselles/Tunis/Menzah/machine_a_laver_Candy_10kg/
Table Ã  manger et 6 chaises,1800DT,Inconnu,https://www.tayara.tn/item/67d80fe7fd1c6385be3718e7/Meubles%20et%20D%C3%A9coration/Ariana/La_Soukra/Table_manger_et_6_chaises_/
Ã€ VENDRE â€“ 2 Locaux Industriels Ã  la Zone Industrielle El Mghira,2900000DT,Inconnu,https://www.tayara.tn/item/673c7bfe0d8480a1e01221e1/Magasins%2C%20Commerces%20et%20Locaux%20industriels/Ben_Arous/Fouchana/_VENDRE_2_Locaux_Industriels_la_Zone_Industrielle_El_Mghira_/
Local Industriel Ksar Said,2399998DT,Inconnu,https://www.tayara.tn/item/6722309c7453b1828b2f45b1/Magasins%2C%20Commerces%20et%20Locaux%20industriels/La_Manouba/Autres_Villes/Local_Industriel_Ksar_Said/
Appartement 5 piÃ¨ces aux Jardins de Carthage,780000DT,Inconnu,https://www.tayara.tn/item/67bf2bf0af2813f8075ada74/Appartements/Tunis/Jardins_De_Carthage/Appartement_5_pices_aux_Jardins_de_Carthage_/
Ã€ vendre un Local Industriel de Haut Standing Ã  BIR KASAA,Non spÃ©cifiÃ©,Inconnu,https://www.tayara.tn/item/675bfd94f39faeaa98b7d908/Magasins%2C%20Commerces%20et%20Locaux%20industriels/Ben_Arous/Ben_Arous/_vendre_un_Local_Industriel_de_Haut_Standing_BIR_KASAA/
Appartement Jardins du Carthage,1700DT,Inconnu,https://www.tayara.tn/item/67b5cca686d5f7a45c1e73a9/Appartements/Tunis/Jardins_De_Carthage/Appartement_Jardins_du_Carthage_/
ğ—¢ğ—³ğ—³ğ—¿ğ—² ğ—±ğ—² ğ—¹ğ—¼ğ—°ğ—®ğ˜ğ—¶ğ—¼ğ—»,750DT,Inconnu,https://www.tayara.tn/item/67d7f6fffd1c6385be370098/Appartements/Ben_Arous/Medina_Jedida/_/
S+2 DE 118 M CARRE,410000DT,Inconnu,https://www.tayara.tn/item/66d1a2d0e2f0c13af831d34d/Appartements/Tunis/El_Menzah_9/S2_DE_118_M_CARRE/
S+2 a jardin del menzah 2,390000DT,Inconnu,https://www.tayara.tn/item/67bc58beaf2813f807590f99/Appartements/Ariana/Les_Jardins_El_Menzah_2/S2_a_jardin_del_menzah_2/
S+1 a jardin del menzah 2,270000DT,Inconnu,https://www.tayara.tn/item/67bc578cbf049e957eaf187f/Appartements/Ariana/Les_Jardins_El_Menzah_2/S1_a_jardin_del_menzah_2/
VILLA EN S+3 DE 800MÂ² AU MANAR 1,1400000DT,Inconnu,https://www.tayara.tn/item/678e70edc572f8fd2af49c79/Maisons%20et%20Villas/Tunis/El_Manar_1/VILLA_EN_S3_DE_800M_AU_MANAR_1/
Offre D'emploi: assistante commerciale,Non spÃ©cifiÃ©,Inconnu,https://www.tayara.tn/item/67d77b7cca3467b14e664a40/Offres%20d'emploi/Ariana/Chotrana_1/Offre_Demploi_assistante_commerciale/
A Vendre S+3 Ã  wahat l'aouina,360000DT,Inconnu,https://www.tayara.tn/item/67d764dfca3467b14e663bb9/Appartements/Tunis/L_Aouina/A_Vendre_S3_wahat_laouina_/
Porte Chaussures Bois,190DT,Inconnu,https://www.tayara.tn/item/67d6bb02fd1c6385be363bd2/Meubles%20et%20D%C3%A9coration/Tunis/La_Marsa/Porte_Chaussures_Bois/
ğ€ ğ¯ğğ§ğğ«ğ ğ®ğ§ ğšğ©ğ©ğšğ«ğ­ğğ¦ğğ§ğ­ ğ’+ğŸ ğšÌ€ ğ‡ğšğ¦ğ¦ğšğ¦ğğ­ 27246313,140000DT,Inconnu,https://www.tayara.tn/item/67d69490ca3467b14e65ab95/Appartements/Nabeul/Hammamet/_27246313/
Ã€ vendre : Terrain Ã  La Soukra de 472 mÂ²ğŸŒŠ,Non spÃ©cifiÃ©,Inconnu,https://www.tayara.tn/item/67d6995dca3467b14e65ae37/Terrains%20et%20Fermes/Ariana/La_Soukra/_vendre_Terrain_La_Soukra_de_472_m/
MG GT BVA,83000DT,Inconnu,https://www.tayara.tn/item/67d65e99ca3467b14e659a24/Voitures/Ben_Arous/Boumhel/MG_GT_BVA/
Montre Guess pour Homme,250DT,Inconnu,https://www.tayara.tn/item/66e5a7a7b3c14db342cda14b/Montres%20et%20Bijoux/Tunis/Centre_Urbain_Nord/Montre_Guess_pour_Homme_/
Volkswagen crafter 2016 importÃ© NORVÃˆGE,62000DT,Inconnu,https://www.tayara.tn/item/67ca3a8193928ac5bc18362f/Voitures/Tunis/El_Omrane_Suprieur/Volkswagen_crafter_2016_import_NORVGE_/
Fond De Commerce A Vendre,85000DT,Inconnu,https://www.tayara.tn/item/67d5eeeeca3467b14e655e3d/Autres%20Immobiliers/Nabeul/Nabeul/Fond_De_Commerce_A_Vendre/
A vendre un appartement S+2 Ã  Borj Louzir,243000DT,Inconnu,https://www.tayara.tn/item/67bc3532bf049e957eaef5d7/Appartements/Ariana/Borj_Louzir/A_vendre_un_appartement_S2_Borj_Louzir/
Isuzu DMAX,65000DT,Inconnu,https://www.tayara.tn/item/67d5a8f4fd1c6385be35aabf/Voitures/Mahdia/El_Jem/Isuzu_DMAX_/
TAZARKA PLAGE - TERRAIN CONSTRUCTIBLE A VENDRE,200DT,Inconnu,https://www.tayara.tn/item/67920f97c572f8fd2af6daf4/Terrains%20et%20Fermes/Nabeul/Korba/TAZARKA_PLAGE_TERRAIN_CONSTRUCTIBLE_A_VENDRE_/
DAROUFA PLAGE - MAAMOURA -TERRAIN A VENDRE,120DT,Inconnu,https://www.tayara.tn/item/6722031bfadab5dc3de1fbd6/Terrains%20et%20Fermes/Nabeul/Bni_Khiar/DAROUFA_PLAGE_MAAMOURA_TERRAIN_A_VENDRE_/
LOT DE TERRAIN A VENDRE COTE AFICA DJAAD,200DT,Inconnu,https://www.tayara.tn/item/67c8073593928ac5bc16d9d6/Terrains%20et%20Fermes/Nabeul/Korba/LOT_DE_TERRAIN_A_VENDRE_COTE_AFICA_DJAAD_/
ford focus 1Ã¨re main trÃ¨s bonne occasion tel 52400207,41000DT,Inconnu,https://www.tayara.tn/item/67d56865ca3467b14e65089b/Voitures/Tunis/El_Menzah_9/ford_focus_1re_main_trs_bonne_occasion_tel_52400207/
A vendre appart S+2 Ã  Mrezga 27246301,270000DT,Inconnu,https://www.tayara.tn/item/67a73a140b5f1b5530f5845e/Appartements/Nabeul/Mrezga/A_vendre_appart_S2_Mrezga_27246301/
"A vendre un appartement Ã  ezzhra, kÃ©libia",200000DT,Inconnu,https://www.tayara.tn/item/67c1c06993928ac5bc13f911/Appartements/Nabeul/Klibia/A_vendre_un_appartement_ezzhra_klibia/
A VENDRE,385000DT,Inconnu,https://www.tayara.tn/item/67aa361186d5f7a45c170410/Terrains%20et%20Fermes/Ben_Arous/Boumhel/A_VENDRE/
A VENDRE,620000DT,Inconnu,https://www.tayara.tn/item/6776a527b7de28167ecc2e10/Maisons%20et%20Villas/Ben_Arous/Rads/A_VENDRE/
Immeuble inachevÃ© de 2 923 mÂ²,1500000DT,Inconnu,https://www.tayara.tn/item/67d551bcca3467b14e64f7bb/Autres%20Immobiliers/Mahdia/Mahdia/Immeuble_inachev_de_2_923_m/
maison Ghar Meleh,265000DT,Inconnu,https://www.tayara.tn/item/6723ab591d151770b12e4638/Maisons%20et%20Villas/Bizerte/Ghar_El_Melh/maison_Ghar_Meleh_/
A vendre appartement S+1,335000DT,Inconnu,https://www.tayara.tn/item/67d54663fd1c6385be3567a7/Appartements/Tunis/Jardins_De_Carthage/A_vendre_appartement_S1_/
A vendre un appartement s+2 Ã  kÃ©libia,Non spÃ©cifiÃ©,Inconnu,https://www.tayara.tn/item/67c07b3abf049e957eb1a054/Appartements/Nabeul/Klibia/A_vendre_un_appartement_s2_klibia/
ğŸ¡âœ¨ A vendre un appartement S+2 situÃ© Ã  Borj Louzir ğŸ¡âœ¨,Non spÃ©cifiÃ©,Inconnu,https://www.tayara.tn/item/67bdb9b6bf049e957eaffbc6/Appartements/Tunis/Tunis/_A_vendre_un_appartement_S2_situ_Borj_Louzir_/
A Louer S+2 avec place parking au sous sol,1100DT,Inconnu,https://www.tayara.tn/item/67c07c23af2813f8075b9617/Appartements/Sousse/Hammam_Sousse/A_Louer_S2_avec_place_parking_au_sous_sol_/
Terrain Ã  vendre Ã  Monastir,Non spÃ©cifiÃ©,Inconnu,https://www.tayara.tn/item/67d52b4dfd1c6385be35595f/Terrains%20et%20Fermes/Monastir/Monastir/Terrain_vendre_Monastir/
